id,original_price,multiplier,original_marked_price,effective_marked_price,reference_shipping_fee,actual_discount_amount,created_at,updated_at
1,50,40000,200,348,300,100,2025-12-12 12:01:41,2025-12-12 12:01:41
2,51,40000,204,348,300,100,2025-12-12 12:01:41,2025-12-12 12:01:41
3,52,40000,208,348,300,100,2025-12-12 12:01:41,2025-12-12 12:01:41
4,53,40000,212,348,300,100,2025-12-12 12:01:41,2025-12-12 12:01:41
5,54,40000,216,348,300,100,2025-12-12 12:01:41,2025-12-12 12:01:41
6,55,40000,220,348,300,100,2025-12-12 12:01:41,2025-12-12 12:01:41
7,56,40000,224,348,300,100,2025-12-12 12:01:41,2025-12-12 12:01:41
8,57,40000,228,348,300,100,2025-12-12 12:01:41,2025-12-12 12:01:41
9,58,40000,232,348,300,100,2025-12-12 12:01:41,2025-12-12 12:01:41
10,59,40000,236,348,300,100,2025-12-12 12:01:41,2025-12-12 12:01:41
11,60,40000,240,348,300,100,2025-12-12 12:01:41,2025-12-12 12:01:41
12,61,40000,244,348,300,100,2025-12-12 12:01:41,2025-12-12 12:01:41
13,62,40000,248,348,300,100,2025-12-12 12:01:41,2025-12-12 12:01:41
14,63,40000,252,348,300,100,2025-12-12 12:01:41,2025-12-12 12:01:41
15,64,40000,256,348,300,100,2025-12-12 12:01:41,2025-12-12 12:01:41
16,65,40000,260,348,300,100,2025-12-12 12:01:41,2025-12-12 12:01:41
17,66,40000,264,348,300,100,2025-12-12 12:01:41,2025-12-12 12:01:41
18,67,40000,268,348,300,100,2025-12-12 12:01:41,2025-12-12 12:01:41
19,68,40000,272,348,300,100,2025-12-12 12:01:41,2025-12-12 12:01:41
20,69,40000,276,348,300,100,2025-12-12 12:01:41,2025-12-12 12:01:41
21,70,40000,280,348,300,100,2025-12-12 12:01:41,2025-12-12 12:01:41
22,71,40000,284,348,300,100,2025-12-12 12:01:41,2025-12-12 12:01:41
23,72,40000,288,348,300,100,2025-12-12 12:01:41,2025-12-12 12:01:41
24,73,40000,292,348,300,100,2025-12-12 12:01:41,2025-12-12 12:01:41
25,74,40000,296,348,300,100,2025-12-12 12:01:41,2025-12-12 12:01:41
26,75,40000,300,348,300,100,2025-12-12 12:01:41,2025-12-12 12:01:41
27,76,40000,304,348,300,100,2025-12-12 12:01:41,2025-12-12 12:01:41
28,77,40000,308,348,300,100,2025-12-12 12:01:41,2025-12-12 12:01:41
29,78,40000,312,348,300,100,2025-12-12 12:01:41,2025-12-12 12:01:41
30,79,40000,316,348,300,100,2025-12-12 12:01:41,2025-12-12 12:01:41
31,80,40000,320,448,300,100,2025-12-12 12:01:41,2025-12-12 12:01:41
32,81,40000,324,448,300,100,2025-12-12 12:01:41,2025-12-12 12:01:41
33,82,40000,328,448,300,100,2025-12-12 12:01:41,2025-12-12 12:01:41
34,83,40000,332,448,300,100,2025-12-12 12:01:41,2025-12-12 12:01:41
35,84,40000,336,448,300,100,2025-12-12 12:01:41,2025-12-12 12:01:41
36,85,40000,340,448,300,100,2025-12-12 12:01:41,2025-12-12 12:01:41
37,86,40000,344,448,300,100,2025-12-12 12:01:41,2025-12-12 12:01:41
38,87,40000,348,448,300,100,2025-12-12 12:01:41,2025-12-12 12:01:41
39,88,40000,352,448,300,100,2025-12-12 12:01:41,2025-12-12 12:01:41
40,89,40000,356,448,300,100,2025-12-12 12:01:41,2025-12-12 12:01:41
41,90,40000,360,468,300,100,2025-12-12 12:01:41,2025-12-12 12:01:41
42,91,40000,364,468,300,100,2025-12-12 12:01:41,2025-12-12 12:01:41
43,92,40000,368,468,300,100,2025-12-12 12:01:41,2025-12-12 12:01:41
44,93,40000,372,468,300,100,2025-12-12 12:01:41,2025-12-12 12:01:41
45,94,40000,376,468,300,100,2025-12-12 12:01:41,2025-12-12 12:01:41
46,95,40000,380,468,300,100,2025-12-12 12:01:41,2025-12-12 12:01:41
47,96,40000,384,468,300,100,2025-12-12 12:01:41,2025-12-12 12:01:41
48,97,40000,388,468,300,100,2025-12-12 12:01:41,2025-12-12 12:01:41
49,98,40000,392,468,300,100,2025-12-12 12:01:41,2025-12-12 12:01:41
50,99,40000,396,468,300,100,2025-12-12 12:01:41,2025-12-12 12:01:41
51,100,40000,400,468,300,100,2025-12-12 12:01:41,2025-12-12 12:01:41
52,101,40000,404,468,300,100,2025-12-12 12:01:41,2025-12-12 12:01:41
53,102,40000,408,468,300,100,2025-12-12 12:01:41,2025-12-12 12:01:41
54,103,40000,412,468,300,100,2025-12-12 12:01:41,2025-12-12 12:01:41
55,104,40000,416,498,300,100,2025-12-12 12:01:41,2025-12-12 12:01:41
56,105,40000,420,498,300,100,2025-12-12 12:01:41,2025-12-12 12:01:41
57,106,40000,424,498,300,100,2025-12-12 12:01:41,2025-12-12 12:01:41
58,107,40000,428,498,300,100,2025-12-12 12:01:41,2025-12-12 12:01:41
59,108,40000,432,498,300,100,2025-12-12 12:01:41,2025-12-12 12:01:41
60,109,40000,436,498,300,100,2025-12-12 12:01:41,2025-12-12 12:01:41
61,110,40000,440,498,300,100,2025-12-12 12:01:41,2025-12-12 12:01:41
62,111,40000,444,498,300,100,2025-12-12 12:01:41,2025-12-12 12:01:41
63,112,40000,448,498,300,100,2025-12-12 12:01:41,2025-12-12 12:01:41
64,113,40000,452,498,300,100,2025-12-12 12:01:41,2025-12-12 12:01:41
65,114,40000,456,498,300,100,2025-12-12 12:01:41,2025-12-12 12:01:41
66,115,40000,460,498,300,100,2025-12-12 12:01:41,2025-12-12 12:01:41
67,116,40000,464,498,300,100,2025-12-12 12:01:41,2025-12-12 12:01:41
68,117,40000,468,498,300,100,2025-12-12 12:01:41,2025-12-12 12:01:41
69,118,40000,472,498,300,100,2025-12-12 12:01:41,2025-12-12 12:01:41
70,119,40000,476,498,300,100,2025-12-12 12:01:41,2025-12-12 12:01:41
71,120,40000,480,498,300,100,2025-12-12 12:01:41,2025-12-12 12:01:41
72,121,40000,484,498,300,100,2025-12-12 12:01:41,2025-12-12 12:01:41
73,122,40000,488,498,300,100,2025-12-12 12:01:41,2025-12-12 12:01:41
74,123,40000,492,498,300,100,2025-12-12 12:01:41,2025-12-12 12:01:41
75,124,40000,496,498,300,100,2025-12-12 12:01:41,2025-12-12 12:01:41
76,125,40000,500,498,300,100,2025-12-12 12:01:41,2025-12-12 12:01:41
77,126,40000,504,498,300,100,2025-12-12 12:01:41,2025-12-12 12:01:41
78,127,40000,508,498,300,100,2025-12-12 12:01:41,2025-12-12 12:01:41
79,128,40000,512,498,300,100,2025-12-12 12:01:41,2025-12-12 12:01:41
80,129,40000,516,498,300,100,2025-12-12 12:01:41,2025-12-12 12:01:41
81,130,40000,520,568,300,100,2025-12-12 12:01:41,2025-12-12 12:01:41
82,131,40000,524,568,300,100,2025-12-12 12:01:41,2025-12-12 12:01:41
83,132,40000,528,568,300,100,2025-12-12 12:01:41,2025-12-12 12:01:41
84,133,40000,532,568,300,100,2025-12-12 12:01:41,2025-12-12 12:01:41
85,134,40000,536,568,300,100,2025-12-12 12:01:41,2025-12-12 12:01:41
86,135,40000,540,568,300,100,2025-12-12 12:01:41,2025-12-12 12:01:41
87,136,40000,544,568,300,100,2025-12-12 12:01:41,2025-12-12 12:01:41
88,137,40000,548,568,300,100,2025-12-12 12:01:41,2025-12-12 12:01:41
89,138,40000,552,568,300,100,2025-12-12 12:01:41,2025-12-12 12:01:41
90,139,40000,556,568,300,100,2025-12-12 12:01:41,2025-12-12 12:01:41
91,140,40000,560,568,300,100,2025-12-12 12:01:41,2025-12-12 12:01:41
92,141,40000,564,568,300,100,2025-12-12 12:01:41,2025-12-12 12:01:41
93,142,40000,568,568,300,100,2025-12-12 12:01:41,2025-12-12 12:01:41
94,143,40000,572,568,300,100,2025-12-12 12:01:41,2025-12-12 12:01:41
95,144,40000,576,568,300,100,2025-12-12 12:01:41,2025-12-12 12:01:41
96,145,40000,580,568,300,100,2025-12-12 12:01:41,2025-12-12 12:01:41
97,146,40000,584,598,300,100,2025-12-12 12:01:41,2025-12-12 12:01:41
98,147,40000,588,598,300,100,2025-12-12 12:01:41,2025-12-12 12:01:41
99,148,40000,592,598,300,100,2025-12-12 12:01:41,2025-12-12 12:01:41
100,149,40000,596,598,300,100,2025-12-12 12:01:41,2025-12-12 12:01:41
101,150,40000,600,598,300,100,2025-12-12 12:01:41,2025-12-12 12:01:41
102,151,40000,604,598,300,100,2025-12-12 12:01:41,2025-12-12 12:01:41
103,152,40000,608,598,300,100,2025-12-12 12:01:41,2025-12-12 12:01:41
104,153,40000,612,598,300,100,2025-12-12 12:01:41,2025-12-12 12:01:41
105,154,40000,616,598,300,100,2025-12-12 12:01:41,2025-12-12 12:01:41
106,155,40000,620,598,300,100,2025-12-12 12:01:41,2025-12-12 12:01:41
107,156,40000,624,598,300,100,2025-12-12 12:01:41,2025-12-12 12:01:41
108,157,40000,628,598,300,100,2025-12-12 12:01:41,2025-12-12 12:01:41
109,158,40000,632,598,300,100,2025-12-12 12:01:41,2025-12-12 12:01:41
110,159,40000,636,688,300,200,2025-12-12 12:01:41,2025-12-12 12:01:41
111,160,40000,640,688,300,200,2025-12-12 12:01:41,2025-12-12 12:01:41
112,161,40000,644,688,300,200,2025-12-12 12:01:41,2025-12-12 12:01:41
113,162,40000,648,688,300,200,2025-12-12 12:01:41,2025-12-12 12:01:41
114,163,40000,652,688,300,200,2025-12-12 12:01:41,2025-12-12 12:01:41
115,164,40000,656,688,300,200,2025-12-12 12:01:41,2025-12-12 12:01:41
116,165,40000,660,688,300,200,2025-12-12 12:01:41,2025-12-12 12:01:41
117,166,40000,664,698,300,200,2025-12-12 12:01:41,2025-12-12 12:01:41
118,167,40000,668,698,300,200,2025-12-12 12:01:41,2025-12-12 12:01:41
119,168,40000,672,698,300,200,2025-12-12 12:01:41,2025-12-12 12:01:41
120,169,40000,676,698,300,200,2025-12-12 12:01:41,2025-12-12 12:01:41
121,170,40000,680,698,300,200,2025-12-12 12:01:41,2025-12-12 12:01:41
122,171,40000,684,698,300,200,2025-12-12 12:01:41,2025-12-12 12:01:41
123,172,40000,688,698,300,200,2025-12-12 12:01:41,2025-12-12 12:01:41
124,173,40000,692,698,300,200,2025-12-12 12:01:41,2025-12-12 12:01:41
125,174,40000,696,698,300,200,2025-12-12 12:01:41,2025-12-12 12:01:41
126,175,40000,700,698,300,200,2025-12-12 12:01:41,2025-12-12 12:01:41
127,176,40000,704,698,300,200,2025-12-12 12:01:41,2025-12-12 12:01:41
128,177,40000,708,698,300,200,2025-12-12 12:01:41,2025-12-12 12:01:41
129,178,40000,712,698,300,200,2025-12-12 12:01:41,2025-12-12 12:01:41
130,179,40000,716,698,300,200,2025-12-12 12:01:41,2025-12-12 12:01:41
131,180,40000,720,698,300,200,2025-12-12 12:01:41,2025-12-12 12:01:41
132,181,40000,724,698,300,200,2025-12-12 12:01:41,2025-12-12 12:01:41
133,182,40000,728,698,300,200,2025-12-12 12:01:41,2025-12-12 12:01:41
134,183,40000,732,749,300,200,2025-12-12 12:01:41,2025-12-12 12:01:41
135,184,40000,736,749,300,200,2025-12-12 12:01:41,2025-12-12 12:01:41
136,185,40000,740,749,300,200,2025-12-12 12:01:41,2025-12-12 12:01:41
137,186,40000,744,749,300,200,2025-12-12 12:01:41,2025-12-12 12:01:41
138,187,40000,748,749,300,200,2025-12-12 12:01:41,2025-12-12 12:01:41
139,188,40000,752,799,300,200,2025-12-12 12:01:41,2025-12-12 12:01:41
140,189,40000,756,799,300,200,2025-12-12 12:01:41,2025-12-12 12:01:41
141,190,40000,760,799,300,200,2025-12-12 12:01:41,2025-12-12 12:01:41
142,191,40000,764,799,300,200,2025-12-12 12:01:41,2025-12-12 12:01:41
143,192,40000,768,799,300,200,2025-12-12 12:01:41,2025-12-12 12:01:41
144,193,40000,772,799,300,200,2025-12-12 12:01:41,2025-12-12 12:01:41
145,194,40000,776,799,300,200,2025-12-12 12:01:41,2025-12-12 12:01:41
146,195,40000,780,799,300,200,2025-12-12 12:01:41,2025-12-12 12:01:41
147,196,40000,784,799,300,200,2025-12-12 12:01:41,2025-12-12 12:01:41
148,197,40000,788,799,300,200,2025-12-12 12:01:41,2025-12-12 12:01:41
149,198,40000,792,799,300,200,2025-12-12 12:01:41,2025-12-12 12:01:41
150,199,40000,796,799,300,200,2025-12-12 12:01:41,2025-12-12 12:01:41
151,200,40000,800,799,300,200,2025-12-12 12:01:41,2025-12-12 12:01:41
152,201,40000,804,799,300,200,2025-12-12 12:01:41,2025-12-12 12:01:41
153,202,40000,808,799,300,200,2025-12-12 12:01:41,2025-12-12 12:01:41
154,203,40000,812,799,300,200,2025-12-12 12:01:41,2025-12-12 12:01:41
155,204,40000,816,799,300,200,2025-12-12 12:01:41,2025-12-12 12:01:41
156,205,40000,820,799,300,200,2025-12-12 12:01:41,2025-12-12 12:01:41
157,206,40000,824,799,300,200,2025-12-12 12:01:41,2025-12-12 12:01:41
158,207,40000,828,799,300,200,2025-12-12 12:01:41,2025-12-12 12:01:41
159,208,40000,832,799,300,200,2025-12-12 12:01:41,2025-12-12 12:01:41
160,209,40000,836,899,300,200,2025-12-12 12:01:41,2025-12-12 12:01:41
161,210,40000,840,899,300,200,2025-12-12 12:01:41,2025-12-12 12:01:41
162,211,40000,844,899,300,200,2025-12-12 12:01:41,2025-12-12 12:01:41
163,212,40000,848,899,300,200,2025-12-12 12:01:41,2025-12-12 12:01:41
164,213,40000,852,899,300,200,2025-12-12 12:01:41,2025-12-12 12:01:41
165,214,40000,856,899,300,200,2025-12-12 12:01:41,2025-12-12 12:01:41
166,215,40000,860,899,300,200,2025-12-12 12:01:41,2025-12-12 12:01:41
167,216,40000,864,899,300,200,2025-12-12 12:01:41,2025-12-12 12:01:41
168,217,40000,868,899,300,200,2025-12-12 12:01:41,2025-12-12 12:01:41
169,218,40000,872,899,300,200,2025-12-12 12:01:41,2025-12-12 12:01:41
170,219,40000,876,899,300,200,2025-12-12 12:01:41,2025-12-12 12:01:41
171,220,40000,880,899,300,200,2025-12-12 12:01:41,2025-12-12 12:01:41
172,221,40000,884,899,300,200,2025-12-12 12:01:41,2025-12-12 12:01:41
173,222,40000,888,899,300,200,2025-12-12 12:01:41,2025-12-12 12:01:41
174,223,40000,892,899,300,200,2025-12-12 12:01:41,2025-12-12 12:01:41
175,224,40000,896,899,300,200,2025-12-12 12:01:41,2025-12-12 12:01:41
176,225,40000,900,899,300,200,2025-12-12 12:01:41,2025-12-12 12:01:41
177,226,40000,904,899,300,200,2025-12-12 12:01:41,2025-12-12 12:01:41
178,227,40000,908,899,300,200,2025-12-12 12:01:41,2025-12-12 12:01:41
179,228,40000,912,899,300,200,2025-12-12 12:01:41,2025-12-12 12:01:41
180,229,40000,916,899,300,200,2025-12-12 12:01:41,2025-12-12 12:01:41
181,230,40000,920,899,300,200,2025-12-12 12:01:41,2025-12-12 12:01:41
182,231,40000,924,899,300,200,2025-12-12 12:01:41,2025-12-12 12:01:41
183,232,40000,928,899,300,200,2025-12-12 12:01:41,2025-12-12 12:01:41
184,233,40000,932,899,300,200,2025-12-12 12:01:41,2025-12-12 12:01:41
185,234,40000,936,899,300,200,2025-12-12 12:01:41,2025-12-12 12:01:41
186,235,40000,940,899,300,200,2025-12-12 12:01:41,2025-12-12 12:01:41
187,236,40000,944,899,300,200,2025-12-12 12:01:41,2025-12-12 12:01:41
188,237,40000,948,899,300,200,2025-12-12 12:01:41,2025-12-12 12:01:41
189,238,40000,952,990,300,200,2025-12-12 12:01:41,2025-12-12 12:01:41
190,239,40000,956,990,300,200,2025-12-12 12:01:41,2025-12-12 12:01:41
191,240,40000,960,990,300,200,2025-12-12 12:01:41,2025-12-12 12:01:41
192,241,40000,964,990,300,200,2025-12-12 12:01:41,2025-12-12 12:01:41
193,242,40000,968,990,300,200,2025-12-12 12:01:41,2025-12-12 12:01:41
194,243,40000,972,990,300,200,2025-12-12 12:01:41,2025-12-12 12:01:41
195,244,40000,976,990,300,200,2025-12-12 12:01:41,2025-12-12 12:01:41
196,245,40000,980,990,300,200,2025-12-12 12:01:41,2025-12-12 12:01:41
197,246,40000,984,990,300,200,2025-12-12 12:01:41,2025-12-12 12:01:41
198,247,40000,988,990,300,200,2025-12-12 12:01:41,2025-12-12 12:01:41
199,248,40000,992,990,300,200,2025-12-12 12:01:41,2025-12-12 12:01:41
200,249,40000,996,990,300,200,2025-12-12 12:01:41,2025-12-12 12:01:41
201,250,40000,1000,990,300,200,2025-12-12 12:01:41,2025-12-12 12:01:41
202,251,40000,1004,990,300,200,2025-12-12 12:01:41,2025-12-12 12:01:41
203,252,40000,1008,990,300,200,2025-12-12 12:01:41,2025-12-12 12:01:41
204,253,40000,1012,990,300,200,2025-12-12 12:01:41,2025-12-12 12:01:41
205,254,40000,1016,990,300,200,2025-12-12 12:01:41,2025-12-12 12:01:41
206,255,40000,1020,990,300,200,2025-12-12 12:01:41,2025-12-12 12:01:41
207,256,40000,1024,990,300,200,2025-12-12 12:01:41,2025-12-12 12:01:41
208,257,40000,1028,990,300,200,2025-12-12 12:01:41,2025-12-12 12:01:41
209,258,40000,1032,990,300,200,2025-12-12 12:01:41,2025-12-12 12:01:41
210,259,40000,1036,990,300,200,2025-12-12 12:01:41,2025-12-12 12:01:41
211,260,40000,1040,990,300,200,2025-12-12 12:01:41,2025-12-12 12:01:41
212,261,40000,1044,990,300,200,2025-12-12 12:01:41,2025-12-12 12:01:41
213,262,40000,1048,990,300,200,2025-12-12 12:01:41,2025-12-12 12:01:41
214,263,40000,1052,990,300,200,2025-12-12 12:01:41,2025-12-12 12:01:41
215,264,40000,1056,990,300,200,2025-12-12 12:01:41,2025-12-12 12:01:41
216,265,40000,1060,990,300,200,2025-12-12 12:01:41,2025-12-12 12:01:41
217,266,40000,1064,990,300,200,2025-12-12 12:01:41,2025-12-12 12:01:41
218,267,40000,1068,990,300,200,2025-12-12 12:01:41,2025-12-12 12:01:41
219,268,40000,1072,990,300,200,2025-12-12 12:01:41,2025-12-12 12:01:41
220,269,40000,1076,990,300,200,2025-12-12 12:01:41,2025-12-12 12:01:41
221,270,40000,1080,1190,300,300,2025-12-12 12:01:41,2025-12-12 12:01:41
222,271,40000,1084,1190,300,300,2025-12-12 12:01:41,2025-12-12 12:01:41
223,272,40000,1088,1190,300,300,2025-12-12 12:01:41,2025-12-12 12:01:41
224,273,40000,1092,1190,300,300,2025-12-12 12:01:41,2025-12-12 12:01:41
225,274,40000,1096,1190,300,300,2025-12-12 12:01:41,2025-12-12 12:01:41
226,275,40000,1100,1190,300,300,2025-12-12 12:01:41,2025-12-12 12:01:41
227,276,40000,1104,1190,300,300,2025-12-12 12:01:41,2025-12-12 12:01:41
228,277,40000,1108,1190,300,300,2025-12-12 12:01:41,2025-12-12 12:01:41
229,278,40000,1112,1190,300,300,2025-12-12 12:01:41,2025-12-12 12:01:41
230,279,40000,1116,1190,300,300,2025-12-12 12:01:41,2025-12-12 12:01:41
231,280,40000,1120,1190,300,300,2025-12-12 12:01:41,2025-12-12 12:01:41
232,281,40000,1124,1190,300,300,2025-12-12 12:01:41,2025-12-12 12:01:41
233,282,40000,1128,1190,300,300,2025-12-12 12:01:41,2025-12-12 12:01:41
234,283,40000,1132,1190,300,300,2025-12-12 12:01:41,2025-12-12 12:01:41
235,284,40000,1136,1190,300,300,2025-12-12 12:01:41,2025-12-12 12:01:41
236,285,40000,1140,1190,300,300,2025-12-12 12:01:41,2025-12-12 12:01:41
237,286,40000,1144,1190,300,300,2025-12-12 12:01:41,2025-12-12 12:01:41
238,287,40000,1148,1190,300,300,2025-12-12 12:01:41,2025-12-12 12:01:41
239,288,40000,1152,1190,300,300,2025-12-12 12:01:41,2025-12-12 12:01:41
240,289,40000,1156,1190,300,300,2025-12-12 12:01:41,2025-12-12 12:01:41
241,290,40000,1160,1190,300,300,2025-12-12 12:01:41,2025-12-12 12:01:41
242,291,40000,1164,1190,300,300,2025-12-12 12:01:41,2025-12-12 12:01:41
243,292,40000,1168,1190,300,300,2025-12-12 12:01:41,2025-12-12 12:01:41
244,293,40000,1172,1190,300,300,2025-12-12 12:01:41,2025-12-12 12:01:41
245,294,40000,1176,1190,300,300,2025-12-12 12:01:41,2025-12-12 12:01:41
246,295,40000,1180,1190,300,300,2025-12-12 12:01:41,2025-12-12 12:01:41
247,296,40000,1184,1190,300,300,2025-12-12 12:01:41,2025-12-12 12:01:41
248,297,40000,1188,1190,300,300,2025-12-12 12:01:41,2025-12-12 12:01:41
249,298,40000,1192,1190,300,300,2025-12-12 12:01:41,2025-12-12 12:01:41
250,299,40000,1196,1190,300,300,2025-12-12 12:01:41,2025-12-12 12:01:41
251,300,40000,1200,1190,300,300,2025-12-12 12:01:41,2025-12-12 12:01:41
252,301,40000,1204,1190,300,300,2025-12-12 12:01:41,2025-12-12 12:01:41
253,302,40000,1208,1190,300,300,2025-12-12 12:01:41,2025-12-12 12:01:41
254,303,40000,1212,1190,300,300,2025-12-12 12:01:41,2025-12-12 12:01:41
255,304,40000,1216,1190,300,300,2025-12-12 12:01:41,2025-12-12 12:01:41
256,305,40000,1220,1190,300,300,2025-12-12 12:01:41,2025-12-12 12:01:41
257,306,40000,1224,1190,300,300,2025-12-12 12:01:41,2025-12-12 12:01:41
258,307,40000,1228,1190,300,300,2025-12-12 12:01:41,2025-12-12 12:01:41
259,308,40000,1232,1190,300,300,2025-12-12 12:01:41,2025-12-12 12:01:41
260,309,40000,1236,1190,300,300,2025-12-12 12:01:41,2025-12-12 12:01:41
261,310,40000,1240,1290,300,300,2025-12-12 12:01:41,2025-12-12 12:01:41
262,311,40000,1244,1290,300,300,2025-12-12 12:01:41,2025-12-12 12:01:41
263,312,40000,1248,1290,300,300,2025-12-12 12:01:41,2025-12-12 12:01:41
264,313,40000,1252,1290,300,300,2025-12-12 12:01:41,2025-12-12 12:01:41
265,314,40000,1256,1290,300,300,2025-12-12 12:01:41,2025-12-12 12:01:41
266,315,40000,1260,1290,300,300,2025-12-12 12:01:41,2025-12-12 12:01:41
267,316,40000,1264,1290,300,300,2025-12-12 12:01:41,2025-12-12 12:01:41
268,317,40000,1268,1290,300,300,2025-12-12 12:01:41,2025-12-12 12:01:41
269,318,40000,1272,1290,300,300,2025-12-12 12:01:41,2025-12-12 12:01:41
270,319,40000,1276,1290,300,300,2025-12-12 12:01:41,2025-12-12 12:01:41
271,320,40000,1280,1290,300,300,2025-12-12 12:01:41,2025-12-12 12:01:41
272,321,40000,1284,1290,300,300,2025-12-12 12:01:41,2025-12-12 12:01:41
273,322,40000,1288,1290,300,300,2025-12-12 12:01:41,2025-12-12 12:01:41
274,323,40000,1292,1290,300,300,2025-12-12 12:01:41,2025-12-12 12:01:41
275,324,40000,1296,1290,300,300,2025-12-12 12:01:41,2025-12-12 12:01:41
276,325,40000,1300,1290,300,300,2025-12-12 12:01:41,2025-12-12 12:01:41
277,326,40000,1304,1290,300,300,2025-12-12 12:01:41,2025-12-12 12:01:41
278,327,40000,1308,1290,300,300,2025-12-12 12:01:41,2025-12-12 12:01:41
279,328,40000,1312,1290,300,300,2025-12-12 12:01:41,2025-12-12 12:01:41
280,329,40000,1316,1290,300,300,2025-12-12 12:01:41,2025-12-12 12:01:41
281,330,40000,1320,1290,300,300,2025-12-12 12:01:41,2025-12-12 12:01:41
282,331,40000,1324,1290,300,300,2025-12-12 12:01:41,2025-12-12 12:01:41
283,332,40000,1328,1290,300,300,2025-12-12 12:01:41,2025-12-12 12:01:41
284,333,40000,1332,1290,300,300,2025-12-12 12:01:41,2025-12-12 12:01:41
285,334,40000,1336,1290,300,300,2025-12-12 12:01:41,2025-12-12 12:01:41
286,335,40000,1340,1390,300,300,2025-12-12 12:01:41,2025-12-12 12:01:41
287,336,40000,1344,1390,300,300,2025-12-12 12:01:41,2025-12-12 12:01:41
288,337,40000,1348,1390,300,300,2025-12-12 12:01:41,2025-12-12 12:01:41
289,338,40000,1352,1390,300,300,2025-12-12 12:01:41,2025-12-12 12:01:41
290,339,40000,1356,1390,300,300,2025-12-12 12:01:41,2025-12-12 12:01:41
291,340,40000,1360,1390,300,300,2025-12-12 12:01:41,2025-12-12 12:01:41
292,341,40000,1364,1390,300,300,2025-12-12 12:01:41,2025-12-12 12:01:41
293,342,40000,1368,1390,300,300,2025-12-12 12:01:41,2025-12-12 12:01:41
294,343,40000,1372,1390,300,300,2025-12-12 12:01:41,2025-12-12 12:01:41
295,344,40000,1376,1390,300,300,2025-12-12 12:01:41,2025-12-12 12:01:41
296,345,40000,1380,1390,300,300,2025-12-12 12:01:41,2025-12-12 12:01:41
297,346,40000,1384,1390,300,300,2025-12-12 12:01:41,2025-12-12 12:01:41
298,347,40000,1388,1390,300,300,2025-12-12 12:01:41,2025-12-12 12:01:41
299,348,40000,1392,1390,300,300,2025-12-12 12:01:41,2025-12-12 12:01:41
300,349,40000,1396,1390,300,300,2025-12-12 12:01:41,2025-12-12 12:01:41
301,350,40000,1400,1390,300,300,2025-12-12 12:01:41,2025-12-12 12:01:41
302,351,40000,1404,1390,300,300,2025-12-12 12:01:41,2025-12-12 12:01:41
303,352,40000,1408,1390,300,300,2025-12-12 12:01:41,2025-12-12 12:01:41
304,353,40000,1412,1390,300,300,2025-12-12 12:01:41,2025-12-12 12:01:41
305,354,40000,1416,1390,300,300,2025-12-12 12:01:41,2025-12-12 12:01:41
306,355,40000,1420,1390,300,300,2025-12-12 12:01:41,2025-12-12 12:01:41
307,356,40000,1424,1390,300,300,2025-12-12 12:01:41,2025-12-12 12:01:41
308,357,40000,1428,1390,300,300,2025-12-12 12:01:41,2025-12-12 12:01:41
309,358,40000,1432,1390,300,300,2025-12-12 12:01:41,2025-12-12 12:01:41
310,359,40000,1436,1390,300,300,2025-12-12 12:01:41,2025-12-12 12:01:41
311,360,40000,1440,1490,300,400,2025-12-12 12:01:41,2025-12-12 12:01:41
312,361,40000,1444,1490,300,400,2025-12-12 12:01:41,2025-12-12 12:01:41
313,362,40000,1448,1490,300,400,2025-12-12 12:01:41,2025-12-12 12:01:41
314,363,40000,1452,1490,300,400,2025-12-12 12:01:41,2025-12-12 12:01:41
315,364,40000,1456,1490,300,400,2025-12-12 12:01:41,2025-12-12 12:01:41
316,365,40000,1460,1490,300,400,2025-12-12 12:01:41,2025-12-12 12:01:41
317,366,40000,1464,1490,300,400,2025-12-12 12:01:41,2025-12-12 12:01:41
318,367,40000,1468,1490,300,400,2025-12-12 12:01:41,2025-12-12 12:01:41
319,368,40000,1472,1490,300,400,2025-12-12 12:01:41,2025-12-12 12:01:41
320,369,40000,1476,1490,300,400,2025-12-12 12:01:41,2025-12-12 12:01:41
321,370,40000,1480,1490,300,400,2025-12-12 12:01:41,2025-12-12 12:01:41
322,371,40000,1484,1490,300,400,2025-12-12 12:01:41,2025-12-12 12:01:41
323,372,40000,1488,1490,300,400,2025-12-12 12:01:41,2025-12-12 12:01:41
324,373,40000,1492,1490,300,400,2025-12-12 12:01:41,2025-12-12 12:01:41
325,374,40000,1496,1490,300,400,2025-12-12 12:01:41,2025-12-12 12:01:41
326,375,40000,1500,1490,300,400,2025-12-12 12:01:41,2025-12-12 12:01:41
327,376,40000,1504,1490,300,400,2025-12-12 12:01:41,2025-12-12 12:01:41
328,377,40000,1508,1490,300,400,2025-12-12 12:01:41,2025-12-12 12:01:41
329,378,40000,1512,1490,300,400,2025-12-12 12:01:41,2025-12-12 12:01:41
330,379,40000,1516,1490,300,400,2025-12-12 12:01:41,2025-12-12 12:01:41
331,380,40000,1520,1490,300,400,2025-12-12 12:01:41,2025-12-12 12:01:41
332,381,40000,1524,1490,300,400,2025-12-12 12:01:41,2025-12-12 12:01:41
333,382,40000,1528,1490,300,400,2025-12-12 12:01:41,2025-12-12 12:01:41
334,383,40000,1532,1490,300,400,2025-12-12 12:01:41,2025-12-12 12:01:41
335,384,40000,1536,1490,300,400,2025-12-12 12:01:41,2025-12-12 12:01:41
336,385,40000,1540,1590,300,400,2025-12-12 12:01:41,2025-12-12 12:01:41
337,386,40000,1544,1590,300,400,2025-12-12 12:01:41,2025-12-12 12:01:41
338,387,40000,1548,1590,300,400,2025-12-12 12:01:41,2025-12-12 12:01:41
339,388,40000,1552,1590,300,400,2025-12-12 12:01:41,2025-12-12 12:01:41
340,389,40000,1556,1590,300,400,2025-12-12 12:01:41,2025-12-12 12:01:41
341,390,40000,1560,1590,300,400,2025-12-12 12:01:41,2025-12-12 12:01:41
342,391,40000,1564,1590,300,400,2025-12-12 12:01:41,2025-12-12 12:01:41
343,392,40000,1568,1590,300,400,2025-12-12 12:01:41,2025-12-12 12:01:41
344,393,40000,1572,1590,300,400,2025-12-12 12:01:41,2025-12-12 12:01:41
345,394,40000,1576,1590,300,400,2025-12-12 12:01:41,2025-12-12 12:01:41
346,395,40000,1580,1590,300,400,2025-12-12 12:01:41,2025-12-12 12:01:41
347,396,40000,1584,1590,300,400,2025-12-12 12:01:41,2025-12-12 12:01:41
348,397,40000,1588,1590,300,400,2025-12-12 12:01:41,2025-12-12 12:01:41
349,398,40000,1592,1590,300,400,2025-12-12 12:01:41,2025-12-12 12:01:41
350,399,40000,1596,1590,300,400,2025-12-12 12:01:41,2025-12-12 12:01:41
351,400,40000,1600,1590,300,400,2025-12-12 12:01:41,2025-12-12 12:01:41
352,401,40000,1604,1590,300,400,2025-12-12 12:01:41,2025-12-12 12:01:41
353,402,40000,1608,1590,300,400,2025-12-12 12:01:41,2025-12-12 12:01:41
354,403,40000,1612,1590,300,400,2025-12-12 12:01:41,2025-12-12 12:01:41
355,404,40000,1616,1590,300,400,2025-12-12 12:01:41,2025-12-12 12:01:41
356,405,40000,1620,1590,300,400,2025-12-12 12:01:41,2025-12-12 12:01:41
357,406,40000,1624,1590,300,400,2025-12-12 12:01:41,2025-12-12 12:01:41
358,407,40000,1628,1590,300,400,2025-12-12 12:01:41,2025-12-12 12:01:41
359,408,40000,1632,1590,300,400,2025-12-12 12:01:41,2025-12-12 12:01:41
360,409,40000,1636,1590,300,400,2025-12-12 12:01:41,2025-12-12 12:01:41
361,410,40000,1640,1690,300,400,2025-12-12 12:01:41,2025-12-12 12:01:41
362,411,40000,1644,1690,300,400,2025-12-12 12:01:41,2025-12-12 12:01:41
363,412,40000,1648,1690,300,400,2025-12-12 12:01:41,2025-12-12 12:01:41
364,413,40000,1652,1690,300,400,2025-12-12 12:01:41,2025-12-12 12:01:41
365,414,40000,1656,1690,300,400,2025-12-12 12:01:41,2025-12-12 12:01:41
366,415,40000,1660,1690,300,400,2025-12-12 12:01:41,2025-12-12 12:01:41
367,416,40000,1664,1690,300,400,2025-12-12 12:01:41,2025-12-12 12:01:41
368,417,40000,1668,1690,300,400,2025-12-12 12:01:41,2025-12-12 12:01:41
369,418,40000,1672,1690,300,400,2025-12-12 12:01:41,2025-12-12 12:01:41
370,419,40000,1676,1690,300,400,2025-12-12 12:01:41,2025-12-12 12:01:41
371,420,40000,1680,1690,300,400,2025-12-12 12:01:41,2025-12-12 12:01:41
372,421,40000,1684,1690,300,400,2025-12-12 12:01:41,2025-12-12 12:01:41
373,422,40000,1688,1690,300,400,2025-12-12 12:01:41,2025-12-12 12:01:41
374,423,40000,1692,1690,300,400,2025-12-12 12:01:41,2025-12-12 12:01:41
375,424,40000,1696,1690,300,400,2025-12-12 12:01:41,2025-12-12 12:01:41
376,425,40000,1700,1690,300,400,2025-12-12 12:01:41,2025-12-12 12:01:41
377,426,40000,1704,1690,300,400,2025-12-12 12:01:41,2025-12-12 12:01:41
378,427,40000,1708,1690,300,400,2025-12-12 12:01:41,2025-12-12 12:01:41
379,428,40000,1712,1690,300,400,2025-12-12 12:01:41,2025-12-12 12:01:41
380,429,40000,1716,1690,300,400,2025-12-12 12:01:41,2025-12-12 12:01:41
381,430,40000,1720,1690,300,400,2025-12-12 12:01:41,2025-12-12 12:01:41
382,431,40000,1724,1690,300,400,2025-12-12 12:01:41,2025-12-12 12:01:41
383,432,40000,1728,1690,300,400,2025-12-12 12:01:41,2025-12-12 12:01:41
384,433,40000,1732,1690,300,400,2025-12-12 12:01:41,2025-12-12 12:01:41
385,434,40000,1736,1690,300,400,2025-12-12 12:01:41,2025-12-12 12:01:41
386,435,40000,1740,1790,300,400,2025-12-12 12:01:41,2025-12-12 12:01:41
387,436,40000,1744,1790,300,400,2025-12-12 12:01:41,2025-12-12 12:01:41
388,437,40000,1748,1790,300,400,2025-12-12 12:01:41,2025-12-12 12:01:41
389,438,40000,1752,1890,300,500,2025-12-12 12:01:41,2025-12-12 12:01:41
390,439,40000,1756,1890,300,500,2025-12-12 12:01:41,2025-12-12 12:01:41
391,440,40000,1760,1890,300,500,2025-12-12 12:01:41,2025-12-12 12:01:41
392,441,40000,1764,1890,300,500,2025-12-12 12:01:41,2025-12-12 12:01:41
393,442,40000,1768,1890,300,500,2025-12-12 12:01:41,2025-12-12 12:01:41
394,443,40000,1772,1890,300,500,2025-12-12 12:01:41,2025-12-12 12:01:41
395,444,40000,1776,1890,300,500,2025-12-12 12:01:41,2025-12-12 12:01:41
396,445,40000,1780,1890,300,500,2025-12-12 12:01:41,2025-12-12 12:01:41
397,446,40000,1784,1890,300,500,2025-12-12 12:01:41,2025-12-12 12:01:41
398,447,40000,1788,1890,300,500,2025-12-12 12:01:41,2025-12-12 12:01:41
399,448,40000,1792,1890,300,500,2025-12-12 12:01:41,2025-12-12 12:01:41
400,449,40000,1796,1890,300,500,2025-12-12 12:01:41,2025-12-12 12:01:41
401,450,38000,1710,1690,300,400,2025-12-12 12:01:41,2025-12-12 12:01:41
402,451,38000,1714,1690,300,400,2025-12-12 12:01:41,2025-12-12 12:01:41
403,452,38000,1718,1690,300,400,2025-12-12 12:01:41,2025-12-12 12:01:41
404,453,38000,1721,1690,300,400,2025-12-12 12:01:41,2025-12-12 12:01:41
405,454,38000,1725,1690,300,400,2025-12-12 12:01:41,2025-12-12 12:01:41
406,455,38000,1729,1690,300,400,2025-12-12 12:01:41,2025-12-12 12:01:41
407,456,38000,1733,1690,300,400,2025-12-12 12:01:41,2025-12-12 12:01:41
408,457,38000,1737,1690,300,400,2025-12-12 12:01:41,2025-12-12 12:01:41
409,458,38000,1740,1790,300,400,2025-12-12 12:01:41,2025-12-12 12:01:41
410,459,38000,1744,1790,300,400,2025-12-12 12:01:41,2025-12-12 12:01:41
411,460,38000,1748,1790,300,400,2025-12-12 12:01:41,2025-12-12 12:01:41
412,461,38000,1752,1890,300,500,2025-12-12 12:01:41,2025-12-12 12:01:41
413,462,38000,1756,1890,300,500,2025-12-12 12:01:41,2025-12-12 12:01:41
414,463,38000,1759,1890,300,500,2025-12-12 12:01:41,2025-12-12 12:01:41
415,464,38000,1763,1890,300,500,2025-12-12 12:01:41,2025-12-12 12:01:41
416,465,38000,1767,1890,300,500,2025-12-12 12:01:41,2025-12-12 12:01:41
417,466,38000,1771,1890,300,500,2025-12-12 12:01:41,2025-12-12 12:01:41
418,467,38000,1775,1890,300,500,2025-12-12 12:01:41,2025-12-12 12:01:41
419,468,38000,1778,1890,300,500,2025-12-12 12:01:41,2025-12-12 12:01:41
420,469,38000,1782,1890,300,500,2025-12-12 12:01:41,2025-12-12 12:01:41
421,470,38000,1786,1890,300,500,2025-12-12 12:01:41,2025-12-12 12:01:41
422,471,38000,1790,1890,300,500,2025-12-12 12:01:41,2025-12-12 12:01:41
423,472,38000,1794,1890,300,500,2025-12-12 12:01:41,2025-12-12 12:01:41
424,473,38000,1797,1890,300,500,2025-12-12 12:01:41,2025-12-12 12:01:41
425,474,38000,1801,1890,300,500,2025-12-12 12:01:41,2025-12-12 12:01:41
426,475,38000,1805,1890,300,500,2025-12-12 12:01:41,2025-12-12 12:01:41
427,476,38000,1809,1890,300,500,2025-12-12 12:01:41,2025-12-12 12:01:41
428,477,38000,1813,1890,300,500,2025-12-12 12:01:41,2025-12-12 12:01:41
429,478,38000,1816,1890,300,500,2025-12-12 12:01:41,2025-12-12 12:01:41
430,479,38000,1820,1890,300,500,2025-12-12 12:01:41,2025-12-12 12:01:41
431,480,38000,1824,1890,300,500,2025-12-12 12:01:41,2025-12-12 12:01:41
432,481,38000,1828,1890,300,500,2025-12-12 12:01:41,2025-12-12 12:01:41
433,482,38000,1832,1890,300,500,2025-12-12 12:01:41,2025-12-12 12:01:41
434,483,38000,1835,1890,300,500,2025-12-12 12:01:41,2025-12-12 12:01:41
435,484,38000,1839,1890,300,500,2025-12-12 12:01:41,2025-12-12 12:01:41
436,485,38000,1843,1990,300,500,2025-12-12 12:01:41,2025-12-12 12:01:41
437,486,38000,1847,1990,300,500,2025-12-12 12:01:41,2025-12-12 12:01:41
438,487,38000,1851,1990,300,500,2025-12-12 12:01:41,2025-12-12 12:01:41
439,488,38000,1854,1990,300,500,2025-12-12 12:01:41,2025-12-12 12:01:41
440,489,38000,1858,1990,300,500,2025-12-12 12:01:41,2025-12-12 12:01:41
441,490,38000,1862,1990,300,500,2025-12-12 12:01:41,2025-12-12 12:01:41
442,491,38000,1866,1990,300,500,2025-12-12 12:01:41,2025-12-12 12:01:41
443,492,38000,1870,1990,300,500,2025-12-12 12:01:41,2025-12-12 12:01:41
444,493,38000,1873,1990,300,500,2025-12-12 12:01:41,2025-12-12 12:01:41
445,494,38000,1877,1990,300,500,2025-12-12 12:01:41,2025-12-12 12:01:41
446,495,38000,1881,1990,300,500,2025-12-12 12:01:41,2025-12-12 12:01:41
447,496,38000,1885,1990,300,500,2025-12-12 12:01:41,2025-12-12 12:01:41
448,497,38000,1889,1990,300,500,2025-12-12 12:01:41,2025-12-12 12:01:41
449,498,38000,1892,1990,300,500,2025-12-12 12:01:41,2025-12-12 12:01:41
450,499,38000,1896,1990,300,500,2025-12-12 12:01:41,2025-12-12 12:01:41
451,500,38000,1900,1990,300,500,2025-12-12 12:01:41,2025-12-12 12:01:41
452,501,38000,1904,1990,300,500,2025-12-12 12:01:41,2025-12-12 12:01:41
453,502,38000,1908,1990,300,500,2025-12-12 12:01:41,2025-12-12 12:01:41
454,503,38000,1911,1990,300,500,2025-12-12 12:01:41,2025-12-12 12:01:41
455,504,38000,1915,1990,300,500,2025-12-12 12:01:41,2025-12-12 12:01:41
456,505,38000,1919,1990,300,500,2025-12-12 12:01:41,2025-12-12 12:01:41
457,506,38000,1923,1990,300,500,2025-12-12 12:01:41,2025-12-12 12:01:41
458,507,38000,1927,1990,300,500,2025-12-12 12:01:41,2025-12-12 12:01:41
459,508,38000,1930,1990,300,500,2025-12-12 12:01:41,2025-12-12 12:01:41
460,509,38000,1934,1990,300,500,2025-12-12 12:01:41,2025-12-12 12:01:41
461,510,38000,1938,1990,300,500,2025-12-12 12:01:41,2025-12-12 12:01:41
462,511,38000,1942,1990,300,500,2025-12-12 12:01:41,2025-12-12 12:01:41
463,512,38000,1946,1990,300,500,2025-12-12 12:01:41,2025-12-12 12:01:41
464,513,38000,1949,1990,300,500,2025-12-12 12:01:41,2025-12-12 12:01:41
465,514,38000,1953,1990,300,500,2025-12-12 12:01:41,2025-12-12 12:01:41
466,515,38000,1957,1990,300,500,2025-12-12 12:01:41,2025-12-12 12:01:41
467,516,38000,1961,1990,300,500,2025-12-12 12:01:41,2025-12-12 12:01:41
468,517,38000,1965,1990,300,500,2025-12-12 12:01:41,2025-12-12 12:01:41
469,518,38000,1968,1990,300,500,2025-12-12 12:01:41,2025-12-12 12:01:41
470,519,38000,1972,1990,300,500,2025-12-12 12:01:41,2025-12-12 12:01:41
471,520,38000,1976,1990,300,500,2025-12-12 12:01:41,2025-12-12 12:01:41
472,521,38000,1980,1990,300,500,2025-12-12 12:01:41,2025-12-12 12:01:41
473,522,38000,1984,1990,300,500,2025-12-12 12:01:41,2025-12-12 12:01:41
474,523,38000,1987,1990,300,500,2025-12-12 12:01:41,2025-12-12 12:01:41
475,524,38000,1991,1990,300,500,2025-12-12 12:01:41,2025-12-12 12:01:41
476,525,38000,1995,1990,300,500,2025-12-12 12:01:41,2025-12-12 12:01:41
477,526,38000,1999,1990,300,500,2025-12-12 12:01:41,2025-12-12 12:01:41
478,527,38000,2003,1990,300,500,2025-12-12 12:01:41,2025-12-12 12:01:41
479,528,38000,2006,1990,300,500,2025-12-12 12:01:41,2025-12-12 12:01:41
480,529,38000,2010,1990,300,500,2025-12-12 12:01:41,2025-12-12 12:01:41
481,530,38000,2014,1990,300,500,2025-12-12 12:01:41,2025-12-12 12:01:41
482,531,38000,2018,1990,300,500,2025-12-12 12:01:41,2025-12-12 12:01:41
483,532,38000,2022,1990,300,500,2025-12-12 12:01:41,2025-12-12 12:01:41
484,533,38000,2025,1990,300,500,2025-12-12 12:01:41,2025-12-12 12:01:41
485,534,38000,2029,1990,300,500,2025-12-12 12:01:41,2025-12-12 12:01:41
486,535,38000,2033,1990,300,500,2025-12-12 12:01:41,2025-12-12 12:01:41
487,536,38000,2037,1990,300,500,2025-12-12 12:01:41,2025-12-12 12:01:41
488,537,38000,2041,1990,300,500,2025-12-12 12:01:41,2025-12-12 12:01:41
489,538,38000,2044,1990,300,500,2025-12-12 12:01:41,2025-12-12 12:01:41
490,539,38000,2048,1990,300,500,2025-12-12 12:01:41,2025-12-12 12:01:41
491,540,38000,2052,1990,300,500,2025-12-12 12:01:41,2025-12-12 12:01:41
492,541,38000,2056,1990,300,500,2025-12-12 12:01:41,2025-12-12 12:01:41
493,542,38000,2060,1990,300,500,2025-12-12 12:01:41,2025-12-12 12:01:41
494,543,38000,2063,1990,300,500,2025-12-12 12:01:41,2025-12-12 12:01:41
495,544,38000,2067,1990,300,500,2025-12-12 12:01:41,2025-12-12 12:01:41
496,545,38000,2071,1990,300,500,2025-12-12 12:01:41,2025-12-12 12:01:41
497,546,38000,2075,1990,300,500,2025-12-12 12:01:41,2025-12-12 12:01:41
498,547,38000,2079,1990,300,500,2025-12-12 12:01:41,2025-12-12 12:01:41
499,548,38000,2082,1990,300,500,2025-12-12 12:01:41,2025-12-12 12:01:41
500,549,38000,2086,1990,300,500,2025-12-12 12:01:41,2025-12-12 12:01:41
501,550,36000,1980,1990,300,500,2025-12-12 12:01:41,2025-12-12 12:01:41
502,551,36000,1984,1990,300,500,2025-12-12 12:01:41,2025-12-12 12:01:41
503,552,36000,1987,1990,300,500,2025-12-12 12:01:41,2025-12-12 12:01:41
504,553,36000,1991,1990,300,500,2025-12-12 12:01:41,2025-12-12 12:01:41
505,554,36000,1994,1990,300,500,2025-12-12 12:01:41,2025-12-12 12:01:41
506,555,36000,1998,1990,300,500,2025-12-12 12:01:41,2025-12-12 12:01:41
507,556,36000,2002,1990,300,500,2025-12-12 12:01:41,2025-12-12 12:01:41
508,557,36000,2005,1990,300,500,2025-12-12 12:01:41,2025-12-12 12:01:41
509,558,36000,2009,1990,300,500,2025-12-12 12:01:41,2025-12-12 12:01:41
510,559,36000,2012,1990,300,500,2025-12-12 12:01:41,2025-12-12 12:01:41
511,560,36000,2016,1990,300,500,2025-12-12 12:01:41,2025-12-12 12:01:41
512,561,36000,2020,1990,300,500,2025-12-12 12:01:41,2025-12-12 12:01:41
513,562,36000,2023,1990,300,500,2025-12-12 12:01:41,2025-12-12 12:01:41
514,563,36000,2027,1990,300,500,2025-12-12 12:01:41,2025-12-12 12:01:41
515,564,36000,2030,1990,300,500,2025-12-12 12:01:41,2025-12-12 12:01:41
516,565,36000,2034,1990,300,500,2025-12-12 12:01:41,2025-12-12 12:01:41
517,566,36000,2038,1990,300,500,2025-12-12 12:01:41,2025-12-12 12:01:41
518,567,36000,2041,1990,300,500,2025-12-12 12:01:41,2025-12-12 12:01:41
519,568,36000,2045,1990,300,500,2025-12-12 12:01:41,2025-12-12 12:01:41
520,569,36000,2048,1990,300,500,2025-12-12 12:01:41,2025-12-12 12:01:41
521,570,36000,2052,1990,300,500,2025-12-12 12:01:41,2025-12-12 12:01:41
522,571,36000,2056,1990,300,500,2025-12-12 12:01:41,2025-12-12 12:01:41
523,572,36000,2059,1990,300,500,2025-12-12 12:01:41,2025-12-12 12:01:41
524,573,36000,2063,1990,300,500,2025-12-12 12:01:41,2025-12-12 12:01:41
525,574,36000,2066,1990,300,500,2025-12-12 12:01:41,2025-12-12 12:01:41
526,575,36000,2070,1990,300,500,2025-12-12 12:01:41,2025-12-12 12:01:41
527,576,36000,2074,1990,300,500,2025-12-12 12:01:41,2025-12-12 12:01:41
528,577,36000,2077,1990,300,500,2025-12-12 12:01:41,2025-12-12 12:01:41
529,578,36000,2081,1990,300,500,2025-12-12 12:01:41,2025-12-12 12:01:41
530,579,36000,2084,1990,300,500,2025-12-12 12:01:41,2025-12-12 12:01:41
531,580,36000,2088,1990,300,500,2025-12-12 12:01:41,2025-12-12 12:01:41
532,581,36000,2092,1990,300,500,2025-12-12 12:01:41,2025-12-12 12:01:41
533,582,36000,2095,1990,300,500,2025-12-12 12:01:41,2025-12-12 12:01:41
534,583,36000,2099,1990,300,500,2025-12-12 12:01:41,2025-12-12 12:01:41
535,584,36000,2102,1990,300,500,2025-12-12 12:01:41,2025-12-12 12:01:41
536,585,36000,2106,1990,300,500,2025-12-12 12:01:41,2025-12-12 12:01:41
537,586,36000,2110,1990,300,500,2025-12-12 12:01:41,2025-12-12 12:01:41
538,587,36000,2113,1990,300,500,2025-12-12 12:01:41,2025-12-12 12:01:41
539,588,36000,2117,1990,300,500,2025-12-12 12:01:41,2025-12-12 12:01:41
540,589,36000,2120,1990,300,500,2025-12-12 12:01:41,2025-12-12 12:01:41
541,590,36000,2124,1990,300,500,2025-12-12 12:01:41,2025-12-12 12:01:41
542,591,36000,2128,1990,300,500,2025-12-12 12:01:41,2025-12-12 12:01:41
543,592,36000,2131,1990,300,500,2025-12-12 12:01:41,2025-12-12 12:01:41
544,593,36000,2135,1990,300,500,2025-12-12 12:01:41,2025-12-12 12:01:41
545,594,36000,2138,1990,300,500,2025-12-12 12:01:41,2025-12-12 12:01:41
546,595,36000,2142,1990,300,500,2025-12-12 12:01:41,2025-12-12 12:01:41
547,596,36000,2146,1990,300,500,2025-12-12 12:01:41,2025-12-12 12:01:41
548,597,36000,2149,1990,300,500,2025-12-12 12:01:41,2025-12-12 12:01:41
549,598,36000,2153,1990,300,500,2025-12-12 12:01:41,2025-12-12 12:01:41
550,599,36000,2156,1990,300,500,2025-12-12 12:01:41,2025-12-12 12:01:41
551,600,36000,2160,1990,300,500,2025-12-12 12:01:41,2025-12-12 12:01:41
552,601,36000,2164,2090,300,500,2025-12-12 12:01:41,2025-12-12 12:01:41
553,602,36000,2167,2090,300,500,2025-12-12 12:01:41,2025-12-12 12:01:41
554,603,36000,2171,2090,300,500,2025-12-12 12:01:41,2025-12-12 12:01:41
555,604,36000,2174,2090,300,500,2025-12-12 12:01:41,2025-12-12 12:01:41
556,605,36000,2178,2090,300,500,2025-12-12 12:01:41,2025-12-12 12:01:41
557,606,36000,2182,2090,300,500,2025-12-12 12:01:41,2025-12-12 12:01:41
558,607,36000,2185,2090,300,500,2025-12-12 12:01:41,2025-12-12 12:01:41
559,608,36000,2189,2090,300,500,2025-12-12 12:01:41,2025-12-12 12:01:41
560,609,36000,2192,2090,300,500,2025-12-12 12:01:41,2025-12-12 12:01:41
561,610,36000,2196,2090,300,500,2025-12-12 12:01:41,2025-12-12 12:01:41
562,611,36000,2200,2090,300,500,2025-12-12 12:01:41,2025-12-12 12:01:41
563,612,36000,2203,2090,300,500,2025-12-12 12:01:41,2025-12-12 12:01:41
564,613,36000,2207,2090,300,500,2025-12-12 12:01:41,2025-12-12 12:01:41
565,614,36000,2210,2090,300,500,2025-12-12 12:01:41,2025-12-12 12:01:41
566,615,36000,2214,2090,300,500,2025-12-12 12:01:41,2025-12-12 12:01:41
567,616,36000,2218,2090,300,500,2025-12-12 12:01:41,2025-12-12 12:01:41
568,617,36000,2221,2090,300,500,2025-12-12 12:01:41,2025-12-12 12:01:41
569,618,36000,2225,2090,300,500,2025-12-12 12:01:41,2025-12-12 12:01:41
570,619,36000,2228,2090,300,500,2025-12-12 12:01:41,2025-12-12 12:01:41
571,620,36000,2232,2090,300,500,2025-12-12 12:01:41,2025-12-12 12:01:41
572,621,36000,2236,2090,300,500,2025-12-12 12:01:41,2025-12-12 12:01:41
573,622,36000,2239,2090,300,500,2025-12-12 12:01:41,2025-12-12 12:01:41
574,623,36000,2243,2090,300,500,2025-12-12 12:01:41,2025-12-12 12:01:41
575,624,36000,2246,2090,300,500,2025-12-12 12:01:41,2025-12-12 12:01:41
576,625,36000,2250,2090,300,500,2025-12-12 12:01:41,2025-12-12 12:01:41
577,626,36000,2254,2090,300,500,2025-12-12 12:01:41,2025-12-12 12:01:41
578,627,36000,2257,2090,300,500,2025-12-12 12:01:41,2025-12-12 12:01:41
579,628,36000,2261,2090,300,500,2025-12-12 12:01:41,2025-12-12 12:01:41
580,629,36000,2264,2090,300,500,2025-12-12 12:01:41,2025-12-12 12:01:41
581,630,36000,2268,2090,300,500,2025-12-12 12:01:41,2025-12-12 12:01:41
582,631,36000,2272,2090,300,500,2025-12-12 12:01:41,2025-12-12 12:01:41
583,632,36000,2275,2190,300,500,2025-12-12 12:01:41,2025-12-12 12:01:41
584,633,36000,2279,2190,300,500,2025-12-12 12:01:41,2025-12-12 12:01:41
585,634,36000,2282,2190,300,500,2025-12-12 12:01:41,2025-12-12 12:01:41
586,635,36000,2286,2190,300,500,2025-12-12 12:01:41,2025-12-12 12:01:41
587,636,36000,2290,2190,300,500,2025-12-12 12:01:41,2025-12-12 12:01:41
588,637,36000,2293,2190,300,500,2025-12-12 12:01:41,2025-12-12 12:01:41
589,638,36000,2297,2190,300,500,2025-12-12 12:01:41,2025-12-12 12:01:41
590,639,36000,2300,2190,300,500,2025-12-12 12:01:41,2025-12-12 12:01:41
591,640,36000,2304,2190,300,500,2025-12-12 12:01:41,2025-12-12 12:01:41
592,641,36000,2308,2190,300,500,2025-12-12 12:01:41,2025-12-12 12:01:41
593,642,36000,2311,2190,300,500,2025-12-12 12:01:41,2025-12-12 12:01:41
594,643,36000,2315,2190,300,500,2025-12-12 12:01:41,2025-12-12 12:01:41
595,644,36000,2318,2190,300,500,2025-12-12 12:01:41,2025-12-12 12:01:41
596,645,36000,2322,2190,300,500,2025-12-12 12:01:41,2025-12-12 12:01:41
597,646,36000,2326,2190,300,500,2025-12-12 12:01:41,2025-12-12 12:01:41
598,647,36000,2329,2190,300,500,2025-12-12 12:01:41,2025-12-12 12:01:41
599,648,36000,2333,2190,300,500,2025-12-12 12:01:41,2025-12-12 12:01:41
600,649,36000,2336,2190,300,500,2025-12-12 12:01:41,2025-12-12 12:01:41
601,650,35000,2275,2190,300,500,2025-12-12 12:01:41,2025-12-12 12:01:41
602,651,35000,2279,2190,300,500,2025-12-12 12:01:41,2025-12-12 12:01:41
603,652,35000,2282,2190,300,500,2025-12-12 12:01:41,2025-12-12 12:01:41
604,653,35000,2286,2190,300,500,2025-12-12 12:01:41,2025-12-12 12:01:41
605,654,35000,2289,2190,300,500,2025-12-12 12:01:41,2025-12-12 12:01:41
606,655,35000,2293,2190,300,500,2025-12-12 12:01:41,2025-12-12 12:01:41
607,656,35000,2296,2190,300,500,2025-12-12 12:01:41,2025-12-12 12:01:41
608,657,35000,2300,2190,300,500,2025-12-12 12:01:41,2025-12-12 12:01:41
609,658,35000,2303,2190,300,500,2025-12-12 12:01:41,2025-12-12 12:01:41
610,659,35000,2307,2190,300,500,2025-12-12 12:01:41,2025-12-12 12:01:41
611,660,35000,2310,2190,300,500,2025-12-12 12:01:41,2025-12-12 12:01:41
612,661,35000,2314,2190,300,500,2025-12-12 12:01:41,2025-12-12 12:01:41
613,662,35000,2317,2190,300,500,2025-12-12 12:01:41,2025-12-12 12:01:41
614,663,35000,2321,2190,300,500,2025-12-12 12:01:41,2025-12-12 12:01:41
615,664,35000,2324,2190,300,500,2025-12-12 12:01:41,2025-12-12 12:01:41
616,665,35000,2328,2190,300,500,2025-12-12 12:01:41,2025-12-12 12:01:41
617,666,35000,2331,2190,300,500,2025-12-12 12:01:41,2025-12-12 12:01:41
618,667,35000,2335,2190,300,500,2025-12-12 12:01:41,2025-12-12 12:01:41
619,668,35000,2338,2190,300,500,2025-12-12 12:01:41,2025-12-12 12:01:41
620,669,35000,2342,2190,300,500,2025-12-12 12:01:41,2025-12-12 12:01:41
621,670,35000,2345,2190,300,500,2025-12-12 12:01:41,2025-12-12 12:01:41
622,671,35000,2349,2190,300,500,2025-12-12 12:01:41,2025-12-12 12:01:41
623,672,35000,2352,2190,300,500,2025-12-12 12:01:41,2025-12-12 12:01:41
624,673,35000,2356,2190,300,500,2025-12-12 12:01:41,2025-12-12 12:01:41
625,674,35000,2359,2190,300,500,2025-12-12 12:01:41,2025-12-12 12:01:41
626,675,35000,2363,2190,300,500,2025-12-12 12:01:41,2025-12-12 12:01:41
627,676,35000,2366,2190,300,500,2025-12-12 12:01:41,2025-12-12 12:01:41
628,677,35000,2370,2190,300,500,2025-12-12 12:01:41,2025-12-12 12:01:41
629,678,35000,2373,2190,300,500,2025-12-12 12:01:41,2025-12-12 12:01:41
630,679,35000,2377,2190,300,500,2025-12-12 12:01:41,2025-12-12 12:01:41
631,680,35000,2380,2190,300,500,2025-12-12 12:01:41,2025-12-12 12:01:41
632,681,35000,2384,2390,300,600,2025-12-12 12:01:41,2025-12-12 12:01:41
633,682,35000,2387,2390,300,600,2025-12-12 12:01:41,2025-12-12 12:01:41
634,683,35000,2391,2390,300,600,2025-12-12 12:01:41,2025-12-12 12:01:41
635,684,35000,2394,2390,300,600,2025-12-12 12:01:41,2025-12-12 12:01:41
636,685,35000,2398,2390,300,600,2025-12-12 12:01:41,2025-12-12 12:01:41
637,686,35000,2401,2390,300,600,2025-12-12 12:01:41,2025-12-12 12:01:41
638,687,35000,2405,2390,300,600,2025-12-12 12:01:41,2025-12-12 12:01:41
639,688,35000,2408,2390,300,600,2025-12-12 12:01:41,2025-12-12 12:01:41
640,689,35000,2412,2390,300,600,2025-12-12 12:01:41,2025-12-12 12:01:41
641,690,35000,2415,2390,300,600,2025-12-12 12:01:41,2025-12-12 12:01:41
642,691,35000,2419,2390,300,600,2025-12-12 12:01:41,2025-12-12 12:01:41
643,692,35000,2422,2490,300,600,2025-12-12 12:01:41,2025-12-12 12:01:41
644,693,35000,2426,2490,300,600,2025-12-12 12:01:41,2025-12-12 12:01:41
645,694,35000,2429,2490,300,600,2025-12-12 12:01:41,2025-12-12 12:01:41
646,695,35000,2433,2490,300,600,2025-12-12 12:01:41,2025-12-12 12:01:41
647,696,35000,2436,2490,300,600,2025-12-12 12:01:41,2025-12-12 12:01:41
648,697,35000,2440,2490,300,600,2025-12-12 12:01:41,2025-12-12 12:01:41
649,698,35000,2443,2490,300,600,2025-12-12 12:01:41,2025-12-12 12:01:41
650,699,35000,2447,2490,300,600,2025-12-12 12:01:41,2025-12-12 12:01:41
651,700,35000,2450,2490,300,600,2025-12-12 12:01:41,2025-12-12 12:01:41
652,701,35000,2454,2490,300,600,2025-12-12 12:01:41,2025-12-12 12:01:41
653,702,35000,2457,2490,300,600,2025-12-12 12:01:41,2025-12-12 12:01:41
654,703,35000,2461,2490,300,600,2025-12-12 12:01:41,2025-12-12 12:01:41
655,704,35000,2464,2490,300,600,2025-12-12 12:01:41,2025-12-12 12:01:41
656,705,35000,2468,2490,300,600,2025-12-12 12:01:41,2025-12-12 12:01:41
657,706,35000,2471,2490,300,600,2025-12-12 12:01:41,2025-12-12 12:01:41
658,707,35000,2475,2490,300,600,2025-12-12 12:01:41,2025-12-12 12:01:41
659,708,35000,2478,2490,300,600,2025-12-12 12:01:41,2025-12-12 12:01:41
660,709,35000,2482,2490,300,600,2025-12-12 12:01:41,2025-12-12 12:01:41
661,710,35000,2485,2490,300,600,2025-12-12 12:01:41,2025-12-12 12:01:41
662,711,35000,2489,2490,300,600,2025-12-12 12:01:41,2025-12-12 12:01:41
663,712,35000,2492,2490,300,600,2025-12-12 12:01:41,2025-12-12 12:01:41
664,713,35000,2496,2490,300,600,2025-12-12 12:01:41,2025-12-12 12:01:41
665,714,35000,2499,2490,300,600,2025-12-12 12:01:41,2025-12-12 12:01:41
666,715,35000,2503,2490,300,600,2025-12-12 12:01:41,2025-12-12 12:01:41
667,716,35000,2506,2490,300,600,2025-12-12 12:01:41,2025-12-12 12:01:41
668,717,35000,2510,2490,300,600,2025-12-12 12:01:41,2025-12-12 12:01:41
669,718,35000,2513,2490,300,600,2025-12-12 12:01:41,2025-12-12 12:01:41
670,719,35000,2517,2490,300,600,2025-12-12 12:01:41,2025-12-12 12:01:41
671,720,35000,2520,2490,300,600,2025-12-12 12:01:41,2025-12-12 12:01:41
672,721,35000,2524,2490,300,600,2025-12-12 12:01:41,2025-12-12 12:01:41
673,722,35000,2527,2490,300,600,2025-12-12 12:01:41,2025-12-12 12:01:41
674,723,35000,2531,2490,300,600,2025-12-12 12:01:41,2025-12-12 12:01:41
675,724,35000,2534,2490,300,600,2025-12-12 12:01:41,2025-12-12 12:01:41
676,725,35000,2538,2490,300,600,2025-12-12 12:01:41,2025-12-12 12:01:41
677,726,35000,2541,2590,300,600,2025-12-12 12:01:41,2025-12-12 12:01:41
678,727,35000,2545,2590,300,600,2025-12-12 12:01:41,2025-12-12 12:01:41
679,728,35000,2548,2590,300,600,2025-12-12 12:01:41,2025-12-12 12:01:41
680,729,35000,2552,2590,300,600,2025-12-12 12:01:41,2025-12-12 12:01:41
681,730,35000,2555,2590,300,600,2025-12-12 12:01:41,2025-12-12 12:01:41
682,731,35000,2559,2590,300,600,2025-12-12 12:01:41,2025-12-12 12:01:41
683,732,35000,2562,2590,300,600,2025-12-12 12:01:41,2025-12-12 12:01:41
684,733,35000,2566,2590,300,600,2025-12-12 12:01:41,2025-12-12 12:01:41
685,734,35000,2569,2590,300,600,2025-12-12 12:01:41,2025-12-12 12:01:41
686,735,35000,2573,2590,300,600,2025-12-12 12:01:41,2025-12-12 12:01:41
687,736,35000,2576,2590,300,600,2025-12-12 12:01:41,2025-12-12 12:01:41
688,737,35000,2580,2590,300,600,2025-12-12 12:01:41,2025-12-12 12:01:41
689,738,35000,2583,2590,300,600,2025-12-12 12:01:41,2025-12-12 12:01:41
690,739,35000,2587,2590,300,600,2025-12-12 12:01:41,2025-12-12 12:01:41
691,740,35000,2590,2590,300,600,2025-12-12 12:01:41,2025-12-12 12:01:41
692,741,35000,2594,2590,300,600,2025-12-12 12:01:41,2025-12-12 12:01:41
693,742,35000,2597,2590,300,600,2025-12-12 12:01:41,2025-12-12 12:01:41
694,743,35000,2601,2590,300,600,2025-12-12 12:01:41,2025-12-12 12:01:41
695,744,35000,2604,2590,300,600,2025-12-12 12:01:41,2025-12-12 12:01:41
696,745,35000,2608,2590,300,600,2025-12-12 12:01:41,2025-12-12 12:01:41
697,746,35000,2611,2590,300,600,2025-12-12 12:01:41,2025-12-12 12:01:41
698,747,35000,2615,2590,300,600,2025-12-12 12:01:41,2025-12-12 12:01:41
699,748,35000,2618,2590,300,600,2025-12-12 12:01:41,2025-12-12 12:01:41
700,749,35000,2622,2590,300,600,2025-12-12 12:01:41,2025-12-12 12:01:41
701,750,33000,2475,2690,300,700,2025-12-12 12:01:41,2025-12-12 12:01:41
702,751,33000,2478,2690,300,700,2025-12-12 12:01:41,2025-12-12 12:01:41
703,752,33000,2482,2690,300,700,2025-12-12 12:01:41,2025-12-12 12:01:41
704,753,33000,2485,2690,300,700,2025-12-12 12:01:41,2025-12-12 12:01:41
705,754,33000,2488,2690,300,700,2025-12-12 12:01:41,2025-12-12 12:01:41
706,755,33000,2492,2690,300,700,2025-12-12 12:01:41,2025-12-12 12:01:41
707,756,33000,2495,2690,300,700,2025-12-12 12:01:41,2025-12-12 12:01:41
708,757,33000,2498,2690,300,700,2025-12-12 12:01:41,2025-12-12 12:01:41
709,758,33000,2501,2690,300,700,2025-12-12 12:01:41,2025-12-12 12:01:41
710,759,33000,2505,2690,300,700,2025-12-12 12:01:41,2025-12-12 12:01:41
711,760,33000,2508,2690,300,700,2025-12-12 12:01:41,2025-12-12 12:01:41
712,761,33000,2511,2690,300,700,2025-12-12 12:01:41,2025-12-12 12:01:41
713,762,33000,2515,2690,300,700,2025-12-12 12:01:41,2025-12-12 12:01:41
714,763,33000,2518,2690,300,700,2025-12-12 12:01:41,2025-12-12 12:01:41
715,764,33000,2521,2690,300,700,2025-12-12 12:01:41,2025-12-12 12:01:41
716,765,33000,2525,2690,300,700,2025-12-12 12:01:41,2025-12-12 12:01:41
717,766,33000,2528,2690,300,700,2025-12-12 12:01:41,2025-12-12 12:01:41
718,767,33000,2531,2690,300,700,2025-12-12 12:01:41,2025-12-12 12:01:41
719,768,33000,2534,2690,300,700,2025-12-12 12:01:41,2025-12-12 12:01:41
720,769,33000,2538,2690,300,700,2025-12-12 12:01:41,2025-12-12 12:01:41
721,770,33000,2541,2690,300,700,2025-12-12 12:01:41,2025-12-12 12:01:41
722,771,33000,2544,2690,300,700,2025-12-12 12:01:41,2025-12-12 12:01:41
723,772,33000,2548,2690,300,700,2025-12-12 12:01:41,2025-12-12 12:01:41
724,773,33000,2551,2690,300,700,2025-12-12 12:01:41,2025-12-12 12:01:41
725,774,33000,2554,2690,300,700,2025-12-12 12:01:41,2025-12-12 12:01:41
726,775,33000,2558,2690,300,700,2025-12-12 12:01:41,2025-12-12 12:01:41
727,776,33000,2561,2690,300,700,2025-12-12 12:01:41,2025-12-12 12:01:41
728,777,33000,2564,2690,300,700,2025-12-12 12:01:41,2025-12-12 12:01:41
729,778,33000,2567,2690,300,700,2025-12-12 12:01:41,2025-12-12 12:01:41
730,779,33000,2571,2690,300,700,2025-12-12 12:01:41,2025-12-12 12:01:41
731,780,33000,2574,2690,300,700,2025-12-12 12:01:41,2025-12-12 12:01:41
732,781,33000,2577,2690,300,700,2025-12-12 12:01:41,2025-12-12 12:01:41
733,782,33000,2581,2690,300,700,2025-12-12 12:01:41,2025-12-12 12:01:41
734,783,33000,2584,2690,300,700,2025-12-12 12:01:41,2025-12-12 12:01:41
735,784,33000,2587,2690,300,700,2025-12-12 12:01:41,2025-12-12 12:01:41
736,785,33000,2591,2690,300,700,2025-12-12 12:01:41,2025-12-12 12:01:41
737,786,33000,2594,2690,300,700,2025-12-12 12:01:41,2025-12-12 12:01:41
738,787,33000,2597,2690,300,700,2025-12-12 12:01:41,2025-12-12 12:01:41
739,788,33000,2600,2690,300,700,2025-12-12 12:01:41,2025-12-12 12:01:41
740,789,33000,2604,2690,300,700,2025-12-12 12:01:41,2025-12-12 12:01:41
741,790,33000,2607,2690,300,700,2025-12-12 12:01:41,2025-12-12 12:01:41
742,791,33000,2610,2690,300,700,2025-12-12 12:01:41,2025-12-12 12:01:41
743,792,33000,2614,2690,300,700,2025-12-12 12:01:41,2025-12-12 12:01:41
744,793,33000,2617,2690,300,700,2025-12-12 12:01:41,2025-12-12 12:01:41
745,794,33000,2620,2690,300,700,2025-12-12 12:01:41,2025-12-12 12:01:41
746,795,33000,2624,2690,300,700,2025-12-12 12:01:41,2025-12-12 12:01:41
747,796,33000,2627,2790,300,700,2025-12-12 12:01:41,2025-12-12 12:01:41
748,797,33000,2630,2790,300,700,2025-12-12 12:01:41,2025-12-12 12:01:41
749,798,33000,2633,2790,300,700,2025-12-12 12:01:41,2025-12-12 12:01:41
750,799,33000,2637,2790,300,700,2025-12-12 12:01:41,2025-12-12 12:01:41
751,800,33000,2640,2790,300,700,2025-12-12 12:01:41,2025-12-12 12:01:41
752,801,33000,2643,2790,300,700,2025-12-12 12:01:41,2025-12-12 12:01:41
753,802,33000,2647,2790,300,700,2025-12-12 12:01:41,2025-12-12 12:01:41
754,803,33000,2650,2790,300,700,2025-12-12 12:01:41,2025-12-12 12:01:41
755,804,33000,2653,2790,300,700,2025-12-12 12:01:41,2025-12-12 12:01:41
756,805,33000,2657,2790,300,700,2025-12-12 12:01:41,2025-12-12 12:01:41
757,806,33000,2660,2790,300,700,2025-12-12 12:01:41,2025-12-12 12:01:41
758,807,33000,2663,2790,300,700,2025-12-12 12:01:41,2025-12-12 12:01:41
759,808,33000,2666,2790,300,700,2025-12-12 12:01:41,2025-12-12 12:01:41
760,809,33000,2670,2790,300,700,2025-12-12 12:01:41,2025-12-12 12:01:41
761,810,33000,2673,2790,300,700,2025-12-12 12:01:41,2025-12-12 12:01:41
762,811,33000,2676,2790,300,700,2025-12-12 12:01:41,2025-12-12 12:01:41
763,812,33000,2680,2790,300,700,2025-12-12 12:01:41,2025-12-12 12:01:41
764,813,33000,2683,2790,300,700,2025-12-12 12:01:41,2025-12-12 12:01:41
765,814,33000,2686,2790,300,700,2025-12-12 12:01:41,2025-12-12 12:01:41
766,815,33000,2690,2790,300,700,2025-12-12 12:01:41,2025-12-12 12:01:41
767,816,33000,2693,2790,300,700,2025-12-12 12:01:41,2025-12-12 12:01:41
768,817,33000,2696,2790,300,700,2025-12-12 12:01:41,2025-12-12 12:01:41
769,818,33000,2699,2790,300,700,2025-12-12 12:01:41,2025-12-12 12:01:41
770,819,33000,2703,2790,300,700,2025-12-12 12:01:41,2025-12-12 12:01:41
771,820,33000,2706,2790,300,700,2025-12-12 12:01:41,2025-12-12 12:01:41
772,821,33000,2709,2790,300,700,2025-12-12 12:01:41,2025-12-12 12:01:41
773,822,33000,2713,2790,300,700,2025-12-12 12:01:41,2025-12-12 12:01:41
774,823,33000,2716,2790,300,700,2025-12-12 12:01:41,2025-12-12 12:01:41
775,824,33000,2719,2790,300,700,2025-12-12 12:01:41,2025-12-12 12:01:41
776,825,33000,2723,2790,300,700,2025-12-12 12:01:41,2025-12-12 12:01:41
777,826,33000,2726,2790,300,700,2025-12-12 12:01:41,2025-12-12 12:01:41
778,827,33000,2729,2790,300,700,2025-12-12 12:01:41,2025-12-12 12:01:41
779,828,33000,2732,2790,300,700,2025-12-12 12:01:41,2025-12-12 12:01:41
780,829,33000,2736,2790,300,700,2025-12-12 12:01:41,2025-12-12 12:01:41
781,830,33000,2739,2790,300,700,2025-12-12 12:01:41,2025-12-12 12:01:41
782,831,33000,2742,2790,300,700,2025-12-12 12:01:41,2025-12-12 12:01:41
783,832,33000,2746,2790,300,700,2025-12-12 12:01:41,2025-12-12 12:01:41
784,833,33000,2749,2790,300,700,2025-12-12 12:01:41,2025-12-12 12:01:41
785,834,33000,2752,2790,300,700,2025-12-12 12:01:41,2025-12-12 12:01:41
786,835,33000,2756,2790,300,700,2025-12-12 12:01:41,2025-12-12 12:01:41
787,836,33000,2759,2790,300,700,2025-12-12 12:01:41,2025-12-12 12:01:41
788,837,33000,2762,2790,300,700,2025-12-12 12:01:41,2025-12-12 12:01:41
789,838,33000,2765,2790,300,700,2025-12-12 12:01:41,2025-12-12 12:01:41
790,839,33000,2769,2790,300,700,2025-12-12 12:01:41,2025-12-12 12:01:41
791,840,33000,2772,2790,300,700,2025-12-12 12:01:41,2025-12-12 12:01:41
792,841,33000,2775,2790,300,700,2025-12-12 12:01:41,2025-12-12 12:01:41
793,842,33000,2779,2790,300,700,2025-12-12 12:01:41,2025-12-12 12:01:41
794,843,33000,2782,2790,300,700,2025-12-12 12:01:41,2025-12-12 12:01:41
795,844,33000,2785,2790,300,700,2025-12-12 12:01:41,2025-12-12 12:01:41
796,845,33000,2789,2790,300,700,2025-12-12 12:01:41,2025-12-12 12:01:41
797,846,33000,2792,2790,300,700,2025-12-12 12:01:41,2025-12-12 12:01:41
798,847,33000,2795,2790,300,700,2025-12-12 12:01:41,2025-12-12 12:01:41
799,848,33000,2798,2790,300,700,2025-12-12 12:01:41,2025-12-12 12:01:41
800,849,33000,2802,2790,300,700,2025-12-12 12:01:41,2025-12-12 12:01:41
801,850,33000,2805,2790,300,700,2025-12-12 12:01:41,2025-12-12 12:01:41
802,851,33000,2808,2790,300,700,2025-12-12 12:01:41,2025-12-12 12:01:41
803,852,33000,2812,2790,300,700,2025-12-12 12:01:41,2025-12-12 12:01:41
804,853,33000,2815,2790,300,700,2025-12-12 12:01:41,2025-12-12 12:01:41
805,854,33000,2818,2790,300,700,2025-12-12 12:01:41,2025-12-12 12:01:41
806,855,33000,2822,2790,300,700,2025-12-12 12:01:41,2025-12-12 12:01:41
807,856,33000,2825,2790,300,700,2025-12-12 12:01:41,2025-12-12 12:01:41
808,857,33000,2828,2790,300,700,2025-12-12 12:01:41,2025-12-12 12:01:41
809,858,33000,2831,2790,300,700,2025-12-12 12:01:41,2025-12-12 12:01:41
810,859,33000,2835,2890,300,700,2025-12-12 12:01:41,2025-12-12 12:01:41
811,860,33000,2838,2890,300,700,2025-12-12 12:01:41,2025-12-12 12:01:41
812,861,33000,2841,2890,300,700,2025-12-12 12:01:41,2025-12-12 12:01:41
813,862,33000,2845,2890,300,700,2025-12-12 12:01:41,2025-12-12 12:01:41
814,863,33000,2848,2890,300,700,2025-12-12 12:01:41,2025-12-12 12:01:41
815,864,33000,2851,2890,300,700,2025-12-12 12:01:41,2025-12-12 12:01:41
816,865,33000,2855,2890,300,700,2025-12-12 12:01:41,2025-12-12 12:01:41
817,866,33000,2858,2890,300,700,2025-12-12 12:01:41,2025-12-12 12:01:41
818,867,33000,2861,2890,300,700,2025-12-12 12:01:41,2025-12-12 12:01:41
819,868,33000,2864,2890,300,700,2025-12-12 12:01:41,2025-12-12 12:01:41
820,869,33000,2868,2890,300,700,2025-12-12 12:01:41,2025-12-12 12:01:41
821,870,33000,2871,2890,300,700,2025-12-12 12:01:41,2025-12-12 12:01:41
822,871,33000,2874,2890,300,700,2025-12-12 12:01:41,2025-12-12 12:01:41
823,872,33000,2878,2890,300,700,2025-12-12 12:01:41,2025-12-12 12:01:41
824,873,33000,2881,2890,300,700,2025-12-12 12:01:41,2025-12-12 12:01:41
825,874,33000,2884,2890,300,700,2025-12-12 12:01:41,2025-12-12 12:01:41
826,875,33000,2888,2890,300,700,2025-12-12 12:01:41,2025-12-12 12:01:41
827,876,33000,2891,2890,300,700,2025-12-12 12:01:41,2025-12-12 12:01:41
828,877,33000,2894,2890,300,700,2025-12-12 12:01:41,2025-12-12 12:01:41
829,878,33000,2897,2890,300,700,2025-12-12 12:01:41,2025-12-12 12:01:41
830,879,33000,2901,2890,300,700,2025-12-12 12:01:41,2025-12-12 12:01:41
831,880,33000,2904,2890,300,700,2025-12-12 12:01:41,2025-12-12 12:01:41
832,881,33000,2907,2890,300,700,2025-12-12 12:01:41,2025-12-12 12:01:41
833,882,33000,2911,2890,300,700,2025-12-12 12:01:41,2025-12-12 12:01:41
834,883,33000,2914,2890,300,700,2025-12-12 12:01:41,2025-12-12 12:01:41
835,884,33000,2917,2890,300,700,2025-12-12 12:01:41,2025-12-12 12:01:41
836,885,33000,2921,2890,300,700,2025-12-12 12:01:41,2025-12-12 12:01:41
837,886,33000,2924,2990,300,700,2025-12-12 12:01:41,2025-12-12 12:01:41
838,887,33000,2927,2990,300,700,2025-12-12 12:01:41,2025-12-12 12:01:41
839,888,33000,2930,2990,300,700,2025-12-12 12:01:41,2025-12-12 12:01:41
840,889,33000,2934,2990,300,700,2025-12-12 12:01:41,2025-12-12 12:01:41
841,890,33000,2937,2990,300,700,2025-12-12 12:01:41,2025-12-12 12:01:41
842,891,33000,2940,2990,300,700,2025-12-12 12:01:41,2025-12-12 12:01:41
843,892,33000,2944,2990,300,700,2025-12-12 12:01:41,2025-12-12 12:01:41
844,893,33000,2947,2990,300,700,2025-12-12 12:01:41,2025-12-12 12:01:41
845,894,33000,2950,2990,300,700,2025-12-12 12:01:41,2025-12-12 12:01:41
846,895,33000,2954,2990,300,700,2025-12-12 12:01:41,2025-12-12 12:01:41
847,896,33000,2957,2990,300,700,2025-12-12 12:01:41,2025-12-12 12:01:41
848,897,33000,2960,2990,300,700,2025-12-12 12:01:41,2025-12-12 12:01:41
849,898,33000,2963,2990,300,700,2025-12-12 12:01:41,2025-12-12 12:01:41
850,899,33000,2967,2990,300,700,2025-12-12 12:01:41,2025-12-12 12:01:41
851,900,33000,2970,2990,300,700,2025-12-12 12:01:41,2025-12-12 12:01:41
852,901,33000,2973,2990,300,700,2025-12-12 12:01:41,2025-12-12 12:01:41
853,902,33000,2977,2990,300,700,2025-12-12 12:01:41,2025-12-12 12:01:41
854,903,33000,2980,2990,300,700,2025-12-12 12:01:41,2025-12-12 12:01:41
855,904,33000,2983,2990,300,700,2025-12-12 12:01:41,2025-12-12 12:01:41
856,905,33000,2987,2990,300,700,2025-12-12 12:01:41,2025-12-12 12:01:41
857,906,33000,2990,2990,300,700,2025-12-12 12:01:41,2025-12-12 12:01:41
858,907,33000,2993,2990,300,700,2025-12-12 12:01:41,2025-12-12 12:01:41
859,908,33000,2996,2990,300,700,2025-12-12 12:01:41,2025-12-12 12:01:41
860,909,33000,3000,2990,300,700,2025-12-12 12:01:41,2025-12-12 12:01:41
861,910,33000,3003,2990,300,700,2025-12-12 12:01:41,2025-12-12 12:01:41
862,911,33000,3006,2990,300,700,2025-12-12 12:01:41,2025-12-12 12:01:41
863,912,33000,3010,2990,300,700,2025-12-12 12:01:41,2025-12-12 12:01:41
864,913,33000,3013,2990,300,700,2025-12-12 12:01:41,2025-12-12 12:01:41
865,914,33000,3016,2990,300,700,2025-12-12 12:01:41,2025-12-12 12:01:41
866,915,33000,3020,2990,300,700,2025-12-12 12:01:41,2025-12-12 12:01:41
867,916,33000,3023,2990,300,700,2025-12-12 12:01:41,2025-12-12 12:01:41
868,917,33000,3026,2990,300,700,2025-12-12 12:01:41,2025-12-12 12:01:41
869,918,33000,3029,2990,300,700,2025-12-12 12:01:41,2025-12-12 12:01:41
870,919,33000,3033,2990,300,700,2025-12-12 12:01:41,2025-12-12 12:01:41
871,920,33000,3036,2990,300,700,2025-12-12 12:01:41,2025-12-12 12:01:41
872,921,33000,3039,2990,300,700,2025-12-12 12:01:41,2025-12-12 12:01:41
873,922,33000,3043,2990,300,700,2025-12-12 12:01:41,2025-12-12 12:01:41
874,923,33000,3046,2990,300,700,2025-12-12 12:01:41,2025-12-12 12:01:41
875,924,33000,3049,2990,300,700,2025-12-12 12:01:41,2025-12-12 12:01:41
876,925,33000,3053,2990,300,700,2025-12-12 12:01:41,2025-12-12 12:01:41
877,926,33000,3056,2990,300,700,2025-12-12 12:01:41,2025-12-12 12:01:41
878,927,33000,3059,2990,300,700,2025-12-12 12:01:41,2025-12-12 12:01:41
879,928,33000,3062,2990,300,700,2025-12-12 12:01:41,2025-12-12 12:01:41
880,929,33000,3066,2990,300,700,2025-12-12 12:01:41,2025-12-12 12:01:41
881,930,33000,3069,2990,300,700,2025-12-12 12:01:41,2025-12-12 12:01:41
882,931,33000,3072,2990,300,700,2025-12-12 12:01:41,2025-12-12 12:01:41
883,932,33000,3076,2990,300,700,2025-12-12 12:01:41,2025-12-12 12:01:41
884,933,33000,3079,2990,300,700,2025-12-12 12:01:41,2025-12-12 12:01:41
885,934,33000,3082,2990,300,700,2025-12-12 12:01:41,2025-12-12 12:01:41
886,935,33000,3086,2990,300,700,2025-12-12 12:01:41,2025-12-12 12:01:41
887,936,33000,3089,2990,300,700,2025-12-12 12:01:41,2025-12-12 12:01:41
888,937,33000,3092,2990,300,700,2025-12-12 12:01:41,2025-12-12 12:01:41
889,938,33000,3095,2990,300,700,2025-12-12 12:01:41,2025-12-12 12:01:41
890,939,33000,3099,2990,300,700,2025-12-12 12:01:41,2025-12-12 12:01:41
891,940,33000,3102,2990,300,700,2025-12-12 12:01:41,2025-12-12 12:01:41
892,941,33000,3105,2990,300,700,2025-12-12 12:01:41,2025-12-12 12:01:41
893,942,33000,3109,2990,300,700,2025-12-12 12:01:41,2025-12-12 12:01:41
894,943,33000,3112,2990,300,700,2025-12-12 12:01:41,2025-12-12 12:01:41
895,944,33000,3115,2990,300,700,2025-12-12 12:01:41,2025-12-12 12:01:41
896,945,33000,3119,2990,300,700,2025-12-12 12:01:41,2025-12-12 12:01:41
897,946,33000,3122,2990,300,700,2025-12-12 12:01:41,2025-12-12 12:01:41
898,947,33000,3125,2990,300,700,2025-12-12 12:01:41,2025-12-12 12:01:41
899,948,33000,3128,2990,300,700,2025-12-12 12:01:41,2025-12-12 12:01:41
900,949,33000,3132,2990,300,700,2025-12-12 12:01:41,2025-12-12 12:01:41
901,950,32000,3040,2990,300,700,2025-12-12 12:01:41,2025-12-12 12:01:41
902,951,32000,3043,2990,300,700,2025-12-12 12:01:41,2025-12-12 12:01:41
903,952,32000,3046,2990,300,700,2025-12-12 12:01:41,2025-12-12 12:01:41
904,953,32000,3050,2990,300,700,2025-12-12 12:01:41,2025-12-12 12:01:41
905,954,32000,3053,2990,300,700,2025-12-12 12:01:41,2025-12-12 12:01:41
906,955,32000,3056,2990,300,700,2025-12-12 12:01:41,2025-12-12 12:01:41
907,956,32000,3059,2990,300,700,2025-12-12 12:01:41,2025-12-12 12:01:41
908,957,32000,3062,2990,300,700,2025-12-12 12:01:41,2025-12-12 12:01:41
909,958,32000,3066,2990,300,700,2025-12-12 12:01:41,2025-12-12 12:01:41
910,959,32000,3069,2990,300,700,2025-12-12 12:01:41,2025-12-12 12:01:41
911,960,32000,3072,2990,300,700,2025-12-12 12:01:41,2025-12-12 12:01:41
912,961,32000,3075,2990,300,700,2025-12-12 12:01:41,2025-12-12 12:01:41
913,962,32000,3078,2990,300,700,2025-12-12 12:01:41,2025-12-12 12:01:41
914,963,32000,3082,2990,300,700,2025-12-12 12:01:41,2025-12-12 12:01:41
915,964,32000,3085,2990,300,700,2025-12-12 12:01:41,2025-12-12 12:01:41
916,965,32000,3088,2990,300,700,2025-12-12 12:01:41,2025-12-12 12:01:41
917,966,32000,3091,2990,300,700,2025-12-12 12:01:41,2025-12-12 12:01:41
918,967,32000,3094,2990,300,700,2025-12-12 12:01:41,2025-12-12 12:01:41
919,968,32000,3098,2990,300,700,2025-12-12 12:01:41,2025-12-12 12:01:41
920,969,32000,3101,3290,300,800,2025-12-12 12:01:41,2025-12-12 12:01:41
921,970,32000,3104,3290,300,800,2025-12-12 12:01:41,2025-12-12 12:01:41
922,971,32000,3107,3290,300,800,2025-12-12 12:01:41,2025-12-12 12:01:41
923,972,32000,3110,3290,300,800,2025-12-12 12:01:41,2025-12-12 12:01:41
924,973,32000,3114,3290,300,800,2025-12-12 12:01:41,2025-12-12 12:01:41
925,974,32000,3117,3290,300,800,2025-12-12 12:01:41,2025-12-12 12:01:41
926,975,32000,3120,3290,300,800,2025-12-12 12:01:41,2025-12-12 12:01:41
927,976,32000,3123,3290,300,800,2025-12-12 12:01:41,2025-12-12 12:01:41
928,977,32000,3126,3290,300,800,2025-12-12 12:01:41,2025-12-12 12:01:41
929,978,32000,3130,3290,300,800,2025-12-12 12:01:41,2025-12-12 12:01:41
930,979,32000,3133,3290,300,800,2025-12-12 12:01:41,2025-12-12 12:01:41
931,980,32000,3136,3290,300,800,2025-12-12 12:01:41,2025-12-12 12:01:41
932,981,32000,3139,3290,300,800,2025-12-12 12:01:41,2025-12-12 12:01:41
933,982,32000,3142,3290,300,800,2025-12-12 12:01:41,2025-12-12 12:01:41
934,983,32000,3146,3290,300,800,2025-12-12 12:01:41,2025-12-12 12:01:41
935,984,32000,3149,3290,300,800,2025-12-12 12:01:41,2025-12-12 12:01:41
936,985,32000,3152,3290,300,800,2025-12-12 12:01:41,2025-12-12 12:01:41
937,986,32000,3155,3290,300,800,2025-12-12 12:01:41,2025-12-12 12:01:41
938,987,32000,3158,3290,300,800,2025-12-12 12:01:41,2025-12-12 12:01:41
939,988,32000,3162,3290,300,800,2025-12-12 12:01:41,2025-12-12 12:01:41
940,989,32000,3165,3290,300,800,2025-12-12 12:01:41,2025-12-12 12:01:41
941,990,32000,3168,3290,300,800,2025-12-12 12:01:41,2025-12-12 12:01:41
942,991,32000,3171,3290,300,800,2025-12-12 12:01:41,2025-12-12 12:01:41
943,992,32000,3174,3290,300,800,2025-12-12 12:01:41,2025-12-12 12:01:41
944,993,32000,3178,3290,300,800,2025-12-12 12:01:41,2025-12-12 12:01:41
945,994,32000,3181,3290,300,800,2025-12-12 12:01:41,2025-12-12 12:01:41
946,995,32000,3184,3290,300,800,2025-12-12 12:01:41,2025-12-12 12:01:41
947,996,32000,3187,3290,300,800,2025-12-12 12:01:41,2025-12-12 12:01:41
948,997,32000,3190,3290,300,800,2025-12-12 12:01:41,2025-12-12 12:01:41
949,998,32000,3194,3290,300,800,2025-12-12 12:01:41,2025-12-12 12:01:41
950,999,32000,3197,3290,300,800,2025-12-12 12:01:41,2025-12-12 12:01:41
951,1000,32000,3200,3290,300,800,2025-12-12 12:01:41,2025-12-12 12:01:41
952,1010,32000,3232,3290,300,800,2025-12-12 12:01:41,2025-12-12 12:01:41
953,1020,32000,3264,3290,300,800,2025-12-12 12:01:41,2025-12-12 12:01:41
954,1030,32000,3296,3290,300,800,2025-12-12 12:01:41,2025-12-12 12:01:41
955,1040,32000,3328,3390,300,800,2025-12-12 12:01:41,2025-12-12 12:01:41
956,1050,32000,3360,3390,300,800,2025-12-12 12:01:41,2025-12-12 12:01:41
957,1060,32000,3392,3390,300,800,2025-12-12 12:01:41,2025-12-12 12:01:41
958,1070,32000,3424,3390,300,800,2025-12-12 12:01:41,2025-12-12 12:01:41
959,1080,32000,3456,3490,300,900,2025-12-12 12:01:41,2025-12-12 12:01:41
960,1090,32000,3488,3490,300,900,2025-12-12 12:01:41,2025-12-12 12:01:41
961,1100,32000,3520,3590,300,900,2025-12-12 12:01:41,2025-12-12 12:01:41
962,1110,32000,3552,3590,300,900,2025-12-12 12:01:41,2025-12-12 12:01:41
963,1120,32000,3584,3590,300,900,2025-12-12 12:01:41,2025-12-12 12:01:41
964,1130,32000,3616,3590,300,900,2025-12-12 12:01:41,2025-12-12 12:01:41
965,1140,32000,3648,3690,300,900,2025-12-12 12:01:41,2025-12-12 12:01:41
966,1150,32000,3680,3690,300,900,2025-12-12 12:01:41,2025-12-12 12:01:41
967,1160,32000,3712,3690,300,900,2025-12-12 12:01:41,2025-12-12 12:01:41
968,1170,32000,3744,3790,300,900,2025-12-12 12:01:41,2025-12-12 12:01:41
969,1180,32000,3776,3790,300,900,2025-12-12 12:01:41,2025-12-12 12:01:41
970,1190,32000,3808,3790,300,900,2025-12-12 12:01:41,2025-12-12 12:01:41
971,1200,32000,3840,3890,300,1000,2025-12-12 12:01:41,2025-12-12 12:01:41
972,1210,32000,3872,3890,300,1000,2025-12-12 12:01:41,2025-12-12 12:01:41
973,1220,32000,3904,3990,300,1000,2025-12-12 12:01:41,2025-12-12 12:01:41
974,1230,32000,3936,3990,300,1000,2025-12-12 12:01:41,2025-12-12 12:01:41
975,1240,32000,3968,3990,300,1000,2025-12-12 12:01:41,2025-12-12 12:01:41
976,1250,32000,4000,3990,300,1000,2025-12-12 12:01:41,2025-12-12 12:01:41
977,1260,30000,3780,3990,300,1000,2025-12-12 12:01:41,2025-12-12 12:01:41
978,1270,30000,3810,3990,300,1000,2025-12-12 12:01:41,2025-12-12 12:01:41
979,1280,30000,3840,3990,300,1000,2025-12-12 12:01:41,2025-12-12 12:01:41
980,1290,30000,3870,3990,300,1000,2025-12-12 12:01:41,2025-12-12 12:01:41
981,1300,30000,3900,3990,300,1000,2025-12-12 12:01:41,2025-12-12 12:01:41
982,1310,30000,3930,3990,300,1000,2025-12-12 12:01:41,2025-12-12 12:01:41
983,1320,30000,3960,3990,300,1000,2025-12-12 12:01:41,2025-12-12 12:01:41
984,1330,30000,3990,3990,300,1000,2025-12-12 12:01:41,2025-12-12 12:01:41
985,1340,30000,4020,3990,300,1000,2025-12-12 12:01:41,2025-12-12 12:01:41
986,1350,30000,4050,3990,300,1000,2025-12-12 12:01:41,2025-12-12 12:01:41
987,1360,30000,4080,3990,300,1000,2025-12-12 12:01:41,2025-12-12 12:01:41
988,1370,30000,4110,3990,300,1000,2025-12-12 12:01:41,2025-12-12 12:01:41
989,1380,30000,4140,3990,300,1000,2025-12-12 12:01:41,2025-12-12 12:01:41
990,1390,30000,4170,3990,300,1000,2025-12-12 12:01:41,2025-12-12 12:01:41
991,1400,30000,4200,4490,300,1100,2025-12-12 12:01:41,2025-12-12 12:01:41
992,1410,30000,4230,4490,300,1100,2025-12-12 12:01:41,2025-12-12 12:01:41
993,1420,30000,4260,4490,300,1100,2025-12-12 12:01:41,2025-12-12 12:01:41
994,1430,30000,4290,4490,300,1100,2025-12-12 12:01:41,2025-12-12 12:01:41
995,1440,30000,4320,4490,300,1100,2025-12-12 12:01:41,2025-12-12 12:01:41
996,1450,30000,4350,4490,300,1100,2025-12-12 12:01:41,2025-12-12 12:01:41
997,1460,29000,4234,4490,300,1100,2025-12-12 12:01:41,2025-12-12 12:01:41
998,1470,29000,4263,4490,300,1100,2025-12-12 12:01:41,2025-12-12 12:01:41
999,1480,29000,4292,4490,300,1100,2025-12-12 12:01:41,2025-12-12 12:01:41
1000,1490,29000,4321,4490,300,1100,2025-12-12 12:01:41,2025-12-12 12:01:41
1001,1500,29000,4350,4490,300,1100,2025-12-12 12:01:41,2025-12-12 12:01:41
1002,1510,29000,4379,4490,300,1100,2025-12-12 12:01:41,2025-12-12 12:01:41
1003,1520,29000,4408,4490,300,1100,2025-12-12 12:01:41,2025-12-12 12:01:41
1004,1530,29000,4437,4490,300,1100,2025-12-12 12:01:41,2025-12-12 12:01:41
1005,1540,29000,4466,4490,300,1100,2025-12-12 12:01:41,2025-12-12 12:01:41
1006,1550,29000,4495,4490,300,1100,2025-12-12 12:01:41,2025-12-12 12:01:41
1007,1560,29000,4524,4490,300,1100,2025-12-12 12:01:41,2025-12-12 12:01:41
1008,1570,29000,4553,4490,300,1100,2025-12-12 12:01:41,2025-12-12 12:01:41
1009,1580,29000,4582,4590,300,1100,2025-12-12 12:01:41,2025-12-12 12:01:41
1010,1590,29000,4611,4690,300,1200,2025-12-12 12:01:41,2025-12-12 12:01:41
1011,1600,29000,4640,4690,300,1200,2025-12-12 12:01:41,2025-12-12 12:01:41
1012,1610,29000,4669,4690,300,1200,2025-12-12 12:01:41,2025-12-12 12:01:41
1013,1620,29000,4698,4690,300,1200,2025-12-12 12:01:41,2025-12-12 12:01:41
1014,1630,29000,4727,4790,300,1200,2025-12-12 12:01:41,2025-12-12 12:01:41
1015,1640,29000,4756,4790,300,1200,2025-12-12 12:01:41,2025-12-12 12:01:41
1016,1650,29000,4785,4790,300,1200,2025-12-12 12:01:41,2025-12-12 12:01:41
1017,1660,29000,4814,4890,300,1200,2025-12-12 12:01:41,2025-12-12 12:01:41
1018,1670,29000,4843,4890,300,1200,2025-12-12 12:01:41,2025-12-12 12:01:41
1019,1680,29000,4872,4890,300,1200,2025-12-12 12:01:41,2025-12-12 12:01:41
1020,1690,29000,4901,4990,300,1200,2025-12-12 12:01:41,2025-12-12 12:01:41
1021,1700,29000,4930,4990,300,1200,2025-12-12 12:01:41,2025-12-12 12:01:41
1022,1710,29000,4959,4990,300,1200,2025-12-12 12:01:41,2025-12-12 12:01:41
1023,1720,29000,4988,4990,300,1200,2025-12-12 12:01:41,2025-12-12 12:01:41
1024,1730,29000,5017,4990,300,1200,2025-12-12 12:01:41,2025-12-12 12:01:41
1025,1740,29000,5046,4990,300,1200,2025-12-12 12:01:41,2025-12-12 12:01:41
1026,1750,29000,5075,4990,300,1200,2025-12-12 12:01:41,2025-12-12 12:01:41
1027,1760,29000,5104,4990,300,1200,2025-12-12 12:01:41,2025-12-12 12:01:41
1028,1770,29000,5133,4990,300,1200,2025-12-12 12:01:41,2025-12-12 12:01:41
1029,1780,29000,5162,4990,300,1200,2025-12-12 12:01:41,2025-12-12 12:01:41
1030,1790,29000,5191,4990,300,1200,2025-12-12 12:01:41,2025-12-12 12:01:41
1031,1800,29000,5220,5490,300,1400,2025-12-12 12:01:41,2025-12-12 12:01:41
1032,1810,29000,5249,5490,300,1400,2025-12-12 12:01:41,2025-12-12 12:01:41
1033,1820,29000,5278,5490,300,1400,2025-12-12 12:01:41,2025-12-12 12:01:41
1034,1830,29000,5307,5490,300,1400,2025-12-12 12:01:41,2025-12-12 12:01:41
1035,1840,29000,5336,5490,300,1400,2025-12-12 12:01:41,2025-12-12 12:01:41
1036,1850,29000,5365,5490,300,1400,2025-12-12 12:01:41,2025-12-12 12:01:41
1037,1860,29000,5394,5490,300,1400,2025-12-12 12:01:41,2025-12-12 12:01:41
1038,1870,29000,5423,5490,300,1400,2025-12-12 12:01:41,2025-12-12 12:01:41
1039,1880,29000,5452,5490,300,1400,2025-12-12 12:01:41,2025-12-12 12:01:41
1040,1890,29000,5481,5490,300,1400,2025-12-12 12:01:41,2025-12-12 12:01:41
1041,1900,29000,5510,5590,300,1400,2025-12-12 12:01:41,2025-12-12 12:01:41
1042,1910,29000,5539,5590,300,1400,2025-12-12 12:01:41,2025-12-12 12:01:41
1043,1920,29000,5568,5890,300,1500,2025-12-12 12:01:41,2025-12-12 12:01:41
1044,1930,29000,5597,5890,300,1500,2025-12-12 12:01:41,2025-12-12 12:01:41
1045,1940,29000,5626,5890,300,1500,2025-12-12 12:01:41,2025-12-12 12:01:41
1046,1950,29000,5655,5990,300,1500,2025-12-12 12:01:41,2025-12-12 12:01:41
1047,1960,28000,5488,5990,300,1500,2025-12-12 12:01:41,2025-12-12 12:01:41
1048,1970,28000,5516,5990,300,1500,2025-12-12 12:01:41,2025-12-12 12:01:41
1049,1980,28000,5544,5990,300,1500,2025-12-12 12:01:41,2025-12-12 12:01:41
1050,1990,28000,5572,5990,300,1500,2025-12-12 12:01:41,2025-12-12 12:01:41
1051,2000,28000,5600,5990,300,1500,2025-12-12 12:01:41,2025-12-12 12:01:41
1052,2010,28000,5628,5990,300,1500,2025-12-12 12:01:41,2025-12-12 12:01:41
1053,2020,28000,5656,5990,300,1500,2025-12-12 12:01:41,2025-12-12 12:01:41
1054,2030,28000,5684,5990,300,1500,2025-12-12 12:01:41,2025-12-12 12:01:41
1055,2040,28000,5712,5990,300,1500,2025-12-12 12:01:41,2025-12-12 12:01:41
1056,2050,28000,5740,5990,300,1500,2025-12-12 12:01:41,2025-12-12 12:01:41
1057,2060,28000,5768,5990,300,1500,2025-12-12 12:01:41,2025-12-12 12:01:41
1058,2070,28000,5796,5990,300,1500,2025-12-12 12:01:41,2025-12-12 12:01:41
1059,2080,28000,5824,5990,300,1500,2025-12-12 12:01:41,2025-12-12 12:01:41
1060,2090,28000,5852,5990,300,1500,2025-12-12 12:01:41,2025-12-12 12:01:41
1061,2100,28000,5880,5990,300,1500,2025-12-12 12:01:41,2025-12-12 12:01:41
1062,2110,28000,5908,5990,300,1500,2025-12-12 12:01:41,2025-12-12 12:01:41
1063,2120,28000,5936,5990,300,1500,2025-12-12 12:01:41,2025-12-12 12:01:41
1064,2130,28000,5964,5990,300,1500,2025-12-12 12:01:41,2025-12-12 12:01:41
1065,2140,28000,5992,5990,300,1500,2025-12-12 12:01:41,2025-12-12 12:01:41
1066,2150,28000,6020,5990,300,1500,2025-12-12 12:01:41,2025-12-12 12:01:41
1067,2160,28000,6048,5990,300,1500,2025-12-12 12:01:41,2025-12-12 12:01:41
1068,2170,28000,6076,5990,300,1500,2025-12-12 12:01:41,2025-12-12 12:01:41
1069,2180,28000,6104,5990,300,1500,2025-12-12 12:01:41,2025-12-12 12:01:41
1070,2190,28000,6132,5990,300,1500,2025-12-12 12:01:41,2025-12-12 12:01:41
1071,2200,28000,6160,5990,300,1500,2025-12-12 12:01:41,2025-12-12 12:01:41
1072,2210,28000,6188,5990,300,1500,2025-12-12 12:01:41,2025-12-12 12:01:41
1073,2220,28000,6216,6490,300,1600,2025-12-12 12:01:41,2025-12-12 12:01:41
1074,2230,28000,6244,6490,300,1600,2025-12-12 12:01:41,2025-12-12 12:01:41
1075,2240,28000,6272,6490,300,1600,2025-12-12 12:01:41,2025-12-12 12:01:41
1076,2250,28000,6300,6490,300,1600,2025-12-12 12:01:41,2025-12-12 12:01:41
1077,2260,28000,6328,6490,300,1600,2025-12-12 12:01:41,2025-12-12 12:01:41
1078,2270,28000,6356,6490,300,1600,2025-12-12 12:01:41,2025-12-12 12:01:41
1079,2280,28000,6384,6490,300,1600,2025-12-12 12:01:41,2025-12-12 12:01:41
1080,2290,28000,6412,6490,300,1600,2025-12-12 12:01:41,2025-12-12 12:01:41
1081,2300,28000,6440,6490,300,1600,2025-12-12 12:01:41,2025-12-12 12:01:41
1082,2310,28000,6468,6490,300,1600,2025-12-12 12:01:41,2025-12-12 12:01:41
1083,2320,28000,6496,6490,300,1600,2025-12-12 12:01:41,2025-12-12 12:01:41
1084,2330,28000,6524,6990,300,1700,2025-12-12 12:01:41,2025-12-12 12:01:41
1085,2340,28000,6552,6990,300,1700,2025-12-12 12:01:41,2025-12-12 12:01:41
1086,2350,28000,6580,6990,300,1700,2025-12-12 12:01:41,2025-12-12 12:01:41
1087,2360,28000,6608,6990,300,1700,2025-12-12 12:01:41,2025-12-12 12:01:41
1088,2370,28000,6636,6990,300,1700,2025-12-12 12:01:41,2025-12-12 12:01:41
1089,2380,28000,6664,6990,300,1700,2025-12-12 12:01:41,2025-12-12 12:01:41
1090,2390,28000,6692,6990,300,1700,2025-12-12 12:01:41,2025-12-12 12:01:41
1091,2400,28000,6720,6990,300,1700,2025-12-12 12:01:41,2025-12-12 12:01:41
1092,2410,28000,6748,6990,300,1700,2025-12-12 12:01:41,2025-12-12 12:01:41
1093,2420,28000,6776,6990,300,1700,2025-12-12 12:01:41,2025-12-12 12:01:41
1094,2430,28000,6804,6990,300,1700,2025-12-12 12:01:41,2025-12-12 12:01:41
1095,2440,28000,6832,6990,300,1700,2025-12-12 12:01:41,2025-12-12 12:01:41
1096,2450,28000,6860,6990,300,1700,2025-12-12 12:01:41,2025-12-12 12:01:41
1097,2460,28000,6888,6990,300,1700,2025-12-12 12:01:41,2025-12-12 12:01:41
1098,2470,28000,6916,6990,300,1700,2025-12-12 12:01:41,2025-12-12 12:01:41
1099,2480,28000,6944,6990,300,1700,2025-12-12 12:01:41,2025-12-12 12:01:41
1100,2490,28000,6972,6990,300,1700,2025-12-12 12:01:41,2025-12-12 12:01:41
1101,2500,28000,7000,6990,300,1700,2025-12-12 12:01:41,2025-12-12 12:01:41
1102,2510,28000,7028,6990,300,1700,2025-12-12 12:01:41,2025-12-12 12:01:41
1103,2520,28000,7056,6990,300,1700,2025-12-12 12:01:41,2025-12-12 12:01:41
1104,2530,28000,7084,6990,300,1700,2025-12-12 12:01:41,2025-12-12 12:01:41
1105,2540,28000,7112,6990,300,1700,2025-12-12 12:01:41,2025-12-12 12:01:41
1106,2550,28000,7140,6990,300,1700,2025-12-12 12:01:41,2025-12-12 12:01:41
1107,2560,28000,7168,6990,300,1700,2025-12-12 12:01:41,2025-12-12 12:01:41
1108,2570,28000,7196,6990,300,1700,2025-12-12 12:01:41,2025-12-12 12:01:41
1109,2580,28000,7224,6990,300,1700,2025-12-12 12:01:41,2025-12-12 12:01:41
1110,2590,28000,7252,6990,300,1700,2025-12-12 12:01:41,2025-12-12 12:01:41
1111,2600,28000,7280,6990,300,1700,2025-12-12 12:01:41,2025-12-12 12:01:41
1112,2610,28000,7308,7390,300,1800,2025-12-12 12:01:41,2025-12-12 12:01:41
1113,2620,28000,7336,7390,300,1800,2025-12-12 12:01:41,2025-12-12 12:01:41
1114,2630,28000,7364,7390,300,1800,2025-12-12 12:01:41,2025-12-12 12:01:41
1115,2640,28000,7392,7390,300,1800,2025-12-12 12:01:41,2025-12-12 12:01:41
1116,2650,28000,7420,7490,300,1900,2025-12-12 12:01:41,2025-12-12 12:01:41
1117,2660,28000,7448,7990,300,2000,2025-12-12 12:01:41,2025-12-12 12:01:41
1118,2670,28000,7476,7990,300,2000,2025-12-12 12:01:41,2025-12-12 12:01:41
1119,2680,28000,7504,7990,300,2000,2025-12-12 12:01:41,2025-12-12 12:01:41
1120,2690,28000,7532,7990,300,2000,2025-12-12 12:01:41,2025-12-12 12:01:41
1121,2700,28000,7560,7990,300,2000,2025-12-12 12:01:41,2025-12-12 12:01:41
1122,2710,28000,7588,7990,300,2000,2025-12-12 12:01:41,2025-12-12 12:01:41
1123,2720,28000,7616,7990,300,2000,2025-12-12 12:01:41,2025-12-12 12:01:41
1124,2730,28000,7644,7990,300,2000,2025-12-12 12:01:41,2025-12-12 12:01:41
1125,2740,28000,7672,7990,300,2000,2025-12-12 12:01:41,2025-12-12 12:01:41
1126,2750,28000,7700,7990,300,2000,2025-12-12 12:01:41,2025-12-12 12:01:41
1127,2760,28000,7728,7990,300,2000,2025-12-12 12:01:41,2025-12-12 12:01:41
1128,2770,28000,7756,7990,300,2000,2025-12-12 12:01:41,2025-12-12 12:01:41
1129,2780,28000,7784,7990,300,2000,2025-12-12 12:01:41,2025-12-12 12:01:41
1130,2790,28000,7812,7990,300,2000,2025-12-12 12:01:41,2025-12-12 12:01:41
1131,2800,28000,7840,7990,300,2000,2025-12-12 12:01:41,2025-12-12 12:01:41
1132,2810,28000,7868,7990,300,2000,2025-12-12 12:01:41,2025-12-12 12:01:41
1133,2820,28000,7896,7990,300,2000,2025-12-12 12:01:41,2025-12-12 12:01:41
1134,2830,28000,7924,7990,300,2000,2025-12-12 12:01:41,2025-12-12 12:01:41
1135,2840,28000,7952,7990,300,2000,2025-12-12 12:01:41,2025-12-12 12:01:41
1136,2850,28000,7980,7990,300,2000,2025-12-12 12:01:41,2025-12-12 12:01:41
1137,2860,28000,8008,7990,300,2000,2025-12-12 12:01:41,2025-12-12 12:01:41
1138,2870,28000,8036,7990,300,2000,2025-12-12 12:01:41,2025-12-12 12:01:41
1139,2880,28000,8064,7990,300,2000,2025-12-12 12:01:41,2025-12-12 12:01:41
1140,2890,28000,8092,7990,300,2000,2025-12-12 12:01:41,2025-12-12 12:01:41
1141,2900,28000,8120,7990,300,2000,2025-12-12 12:01:41,2025-12-12 12:01:41
1142,2910,28000,8148,7990,300,2000,2025-12-12 12:01:41,2025-12-12 12:01:41
1143,2920,28000,8176,7990,300,2000,2025-12-12 12:01:41,2025-12-12 12:01:41
1144,2930,28000,8204,8490,300,2100,2025-12-12 12:01:41,2025-12-12 12:01:41
1145,2940,28000,8232,8490,300,2100,2025-12-12 12:01:41,2025-12-12 12:01:41
1146,2950,28000,8260,8490,300,2100,2025-12-12 12:01:41,2025-12-12 12:01:41
1147,2960,28000,8288,8490,300,2100,2025-12-12 12:01:41,2025-12-12 12:01:41
1148,2970,28000,8316,8490,300,2100,2025-12-12 12:01:41,2025-12-12 12:01:41
1149,2980,28000,8344,8490,300,2100,2025-12-12 12:01:41,2025-12-12 12:01:41
1150,2990,28000,8372,8490,300,2100,2025-12-12 12:01:41,2025-12-12 12:01:41
1151,3000,28000,8400,8490,300,2100,2025-12-12 12:01:41,2025-12-12 12:01:41
1152,3010,28000,8428,8490,300,2100,2025-12-12 12:01:41,2025-12-12 12:01:41
1153,3020,28000,8456,8490,300,2100,2025-12-12 12:01:41,2025-12-12 12:01:41
1154,3030,28000,8484,8990,300,2200,2025-12-12 12:01:41,2025-12-12 12:01:41
1155,3040,28000,8512,8990,300,2200,2025-12-12 12:01:41,2025-12-12 12:01:41
1156,3050,28000,8540,8990,300,2200,2025-12-12 12:01:41,2025-12-12 12:01:41
1157,3060,27000,8262,8990,300,2200,2025-12-12 12:01:41,2025-12-12 12:01:41
1158,3070,27000,8289,8990,300,2200,2025-12-12 12:01:41,2025-12-12 12:01:41
1159,3080,27000,8316,8990,300,2200,2025-12-12 12:01:41,2025-12-12 12:01:41
1160,3090,27000,8343,8990,300,2200,2025-12-12 12:01:41,2025-12-12 12:01:41
1161,3100,27000,8370,8990,300,2200,2025-12-12 12:01:41,2025-12-12 12:01:41
1162,3110,27000,8397,8990,300,2200,2025-12-12 12:01:41,2025-12-12 12:01:41
1163,3120,27000,8424,8990,300,2200,2025-12-12 12:01:41,2025-12-12 12:01:41
1164,3130,27000,8451,8990,300,2200,2025-12-12 12:01:41,2025-12-12 12:01:41
1165,3140,27000,8478,8990,300,2200,2025-12-12 12:01:41,2025-12-12 12:01:41
1166,3150,27000,8505,8990,300,2200,2025-12-12 12:01:41,2025-12-12 12:01:41
1167,3160,27000,8532,8990,300,2200,2025-12-12 12:01:41,2025-12-12 12:01:41
1168,3170,27000,8559,8990,300,2200,2025-12-12 12:01:41,2025-12-12 12:01:41
1169,3180,27000,8586,8990,300,2200,2025-12-12 12:01:41,2025-12-12 12:01:41
1170,3190,27000,8613,8990,300,2200,2025-12-12 12:01:41,2025-12-12 12:01:41
1171,3200,27000,8640,8990,300,2200,2025-12-12 12:01:41,2025-12-12 12:01:41
1172,3210,27000,8667,8990,300,2200,2025-12-12 12:01:41,2025-12-12 12:01:41
1173,3220,27000,8694,8990,300,2200,2025-12-12 12:01:41,2025-12-12 12:01:41
1174,3230,27000,8721,8990,300,2200,2025-12-12 12:01:41,2025-12-12 12:01:41
1175,3240,27000,8748,8990,300,2200,2025-12-12 12:01:41,2025-12-12 12:01:41
1176,3250,27000,8775,8990,300,2200,2025-12-12 12:01:41,2025-12-12 12:01:41
1177,3260,27000,8802,8990,300,2200,2025-12-12 12:01:41,2025-12-12 12:01:41
1178,3270,27000,8829,8990,300,2200,2025-12-12 12:01:41,2025-12-12 12:01:41
1179,3280,27000,8856,8990,300,2200,2025-12-12 12:01:41,2025-12-12 12:01:41
1180,3290,27000,8883,8990,300,2200,2025-12-12 12:01:41,2025-12-12 12:01:41
1181,3300,27000,8910,8990,300,2200,2025-12-12 12:01:41,2025-12-12 12:01:41
1182,3310,27000,8937,8990,300,2200,2025-12-12 12:01:41,2025-12-12 12:01:41
1183,3320,27000,8964,8990,300,2200,2025-12-12 12:01:41,2025-12-12 12:01:41
1184,3330,27000,8991,8990,300,2200,2025-12-12 12:01:41,2025-12-12 12:01:41
1185,3340,27000,9018,8990,300,2200,2025-12-12 12:01:41,2025-12-12 12:01:41
1186,3350,27000,9045,8990,300,2200,2025-12-12 12:01:41,2025-12-12 12:01:41
1187,3360,27000,9072,8990,300,2200,2025-12-12 12:01:41,2025-12-12 12:01:41
1188,3370,27000,9099,8990,300,2200,2025-12-12 12:01:41,2025-12-12 12:01:41
1189,3380,27000,9126,8990,300,2200,2025-12-12 12:01:41,2025-12-12 12:01:41
1190,3390,27000,9153,8990,300,2200,2025-12-12 12:01:41,2025-12-12 12:01:41
1191,3400,27000,9180,8990,300,2200,2025-12-12 12:01:41,2025-12-12 12:01:41
1192,3410,27000,9207,8990,300,2200,2025-12-12 12:01:41,2025-12-12 12:01:41
1193,3420,27000,9234,8990,300,2200,2025-12-12 12:01:41,2025-12-12 12:01:41
1194,3430,27000,9261,8990,300,2200,2025-12-12 12:01:41,2025-12-12 12:01:41
1195,3440,27000,9288,9490,300,2400,2025-12-12 12:01:41,2025-12-12 12:01:41
1196,3450,27000,9315,9490,300,2400,2025-12-12 12:01:41,2025-12-12 12:01:41
1197,3460,27000,9342,9490,300,2400,2025-12-12 12:01:41,2025-12-12 12:01:41
1198,3470,27000,9369,9490,300,2400,2025-12-12 12:01:41,2025-12-12 12:01:41
1199,3480,27000,9396,9490,300,2400,2025-12-12 12:01:41,2025-12-12 12:01:41
1200,3490,27000,9423,9990,300,2500,2025-12-12 12:01:41,2025-12-12 12:01:41
1201,3500,27000,9450,9990,300,2500,2025-12-12 12:01:41,2025-12-12 12:01:41
1202,3510,27000,9477,9990,300,2500,2025-12-12 12:01:41,2025-12-12 12:01:41
1203,3520,27000,9504,9990,300,2500,2025-12-12 12:01:41,2025-12-12 12:01:41
1204,3530,27000,9531,9990,300,2500,2025-12-12 12:01:41,2025-12-12 12:01:41
1205,3540,27000,9558,9990,300,2500,2025-12-12 12:01:41,2025-12-12 12:01:41
1206,3550,27000,9585,9990,300,2500,2025-12-12 12:01:41,2025-12-12 12:01:41
1207,3560,27000,9612,9990,300,2500,2025-12-12 12:01:41,2025-12-12 12:01:41
1208,3570,27000,9639,9990,300,2500,2025-12-12 12:01:41,2025-12-12 12:01:41
1209,3580,27000,9666,9990,300,2500,2025-12-12 12:01:41,2025-12-12 12:01:41
1210,3590,27000,9693,9990,300,2500,2025-12-12 12:01:41,2025-12-12 12:01:41
1211,3600,27000,9720,9990,300,2500,2025-12-12 12:01:41,2025-12-12 12:01:41
1212,3610,27000,9747,9990,300,2500,2025-12-12 12:01:41,2025-12-12 12:01:41
1213,3620,27000,9774,9990,300,2500,2025-12-12 12:01:41,2025-12-12 12:01:41
1214,3630,27000,9801,9990,300,2500,2025-12-12 12:01:41,2025-12-12 12:01:41
1215,3640,27000,9828,9990,300,2500,2025-12-12 12:01:41,2025-12-12 12:01:41
1216,3650,27000,9855,9990,300,2500,2025-12-12 12:01:41,2025-12-12 12:01:41
1217,3660,27000,9882,9990,300,2500,2025-12-12 12:01:41,2025-12-12 12:01:41
1218,3670,27000,9909,9990,300,2500,2025-12-12 12:01:41,2025-12-12 12:01:41
1219,3680,27000,9936,9990,300,2500,2025-12-12 12:01:41,2025-12-12 12:01:41
1220,3690,27000,9963,9990,300,2500,2025-12-12 12:01:41,2025-12-12 12:01:41
1221,3700,27000,9990,9990,300,2500,2025-12-12 12:01:41,2025-12-12 12:01:41
1222,3710,27000,10017,9990,300,2500,2025-12-12 12:01:41,2025-12-12 12:01:41
1223,3720,27000,10044,9990,300,2500,2025-12-12 12:01:41,2025-12-12 12:01:41
1224,3730,27000,10071,9990,300,2500,2025-12-12 12:01:41,2025-12-12 12:01:41
1225,3740,27000,10098,9990,300,2500,2025-12-12 12:01:41,2025-12-12 12:01:41
1226,3750,27000,10125,9990,300,2500,2025-12-12 12:01:41,2025-12-12 12:01:41
1227,3760,27000,10152,9990,300,2500,2025-12-12 12:01:41,2025-12-12 12:01:41
1228,3770,27000,10179,9990,300,2500,2025-12-12 12:01:41,2025-12-12 12:01:41
1229,3780,27000,10206,9990,300,2500,2025-12-12 12:01:41,2025-12-12 12:01:41
1230,3790,27000,10233,9990,300,2500,2025-12-12 12:01:41,2025-12-12 12:01:41
1231,3800,27000,10260,9990,300,2500,2025-12-12 12:01:41,2025-12-12 12:01:41
1232,3810,27000,10287,9990,300,2500,2025-12-12 12:01:41,2025-12-12 12:01:41
1233,3820,27000,10314,9990,300,2500,2025-12-12 12:01:41,2025-12-12 12:01:41
1234,3830,27000,10341,9990,300,2500,2025-12-12 12:01:41,2025-12-12 12:01:41
1235,3840,27000,10368,9990,300,2500,2025-12-12 12:01:41,2025-12-12 12:01:41
1236,3850,27000,10395,9990,300,2500,2025-12-12 12:01:41,2025-12-12 12:01:41
1237,3860,27000,10422,10900,300,2700,2025-12-12 12:01:41,2025-12-12 12:01:41
1238,3870,27000,10449,10900,300,2700,2025-12-12 12:01:41,2025-12-12 12:01:41
1239,3880,27000,10476,10900,300,2700,2025-12-12 12:01:41,2025-12-12 12:01:41
1240,3890,27000,10503,10900,300,2700,2025-12-12 12:01:41,2025-12-12 12:01:41
1241,3900,27000,10530,10900,300,2700,2025-12-12 12:01:41,2025-12-12 12:01:41
1242,3910,27000,10557,10900,300,2700,2025-12-12 12:01:41,2025-12-12 12:01:41
1243,3920,27000,10584,10900,300,2700,2025-12-12 12:01:41,2025-12-12 12:01:41
1244,3930,27000,10611,10900,300,2700,2025-12-12 12:01:41,2025-12-12 12:01:41
1245,3940,27000,10638,10900,300,2700,2025-12-12 12:01:41,2025-12-12 12:01:41
1246,3950,27000,10665,10900,300,2700,2025-12-12 12:01:41,2025-12-12 12:01:41
1247,3960,27000,10692,10900,300,2700,2025-12-12 12:01:41,2025-12-12 12:01:41
1248,3970,27000,10719,10900,300,2700,2025-12-12 12:01:41,2025-12-12 12:01:41
1249,3980,27000,10746,10900,300,2700,2025-12-12 12:01:41,2025-12-12 12:01:41
1250,3990,27000,10773,10900,300,2700,2025-12-12 12:01:41,2025-12-12 12:01:41
1251,4000,27000,10800,10900,300,2700,2025-12-12 12:01:41,2025-12-12 12:01:41
1252,4050,27000,10935,10900,300,2700,2025-12-12 12:01:41,2025-12-12 12:01:41
1253,4100,27000,11070,10900,300,2700,2025-12-12 12:01:41,2025-12-12 12:01:41
1254,4150,27000,11205,10900,300,2700,2025-12-12 12:01:41,2025-12-12 12:01:41
1255,4200,27000,11340,10900,300,2700,2025-12-12 12:01:41,2025-12-12 12:01:41
1256,4250,27000,11475,11900,300,3000,2025-12-12 12:01:41,2025-12-12 12:01:41
1257,4300,27000,11610,11900,300,3000,2025-12-12 12:01:41,2025-12-12 12:01:41
1258,4350,27000,11745,11900,300,3000,2025-12-12 12:01:41,2025-12-12 12:01:41
1259,4400,27000,11880,11900,300,3000,2025-12-12 12:01:41,2025-12-12 12:01:41
1260,4450,26000,11570,11900,300,3000,2025-12-12 12:01:41,2025-12-12 12:01:41
1261,4500,26000,11700,11900,300,3000,2025-12-12 12:01:41,2025-12-12 12:01:41
1262,4550,26000,11830,11900,300,3000,2025-12-12 12:01:41,2025-12-12 12:01:41
1263,4600,26000,11960,11900,300,3000,2025-12-12 12:01:41,2025-12-12 12:01:41
1264,4650,26000,12090,11900,300,3000,2025-12-12 12:01:41,2025-12-12 12:01:41
1265,4700,26000,12220,11900,300,3000,2025-12-12 12:01:41,2025-12-12 12:01:41
1266,4750,26000,12350,11900,300,3000,2025-12-12 12:01:41,2025-12-12 12:01:41
1267,4800,26000,12480,12900,300,3200,2025-12-12 12:01:41,2025-12-12 12:01:41
1268,4850,26000,12610,12900,300,3200,2025-12-12 12:01:41,2025-12-12 12:01:41
1269,4900,26000,12740,12900,300,3200,2025-12-12 12:01:41,2025-12-12 12:01:41
1270,4950,26000,12870,12900,300,3200,2025-12-12 12:01:41,2025-12-12 12:01:41
1271,5000,26000,13000,12900,300,3200,2025-12-12 12:01:41,2025-12-12 12:01:41
1272,5050,26000,13130,12900,300,3200,2025-12-12 12:01:41,2025-12-12 12:01:41
1273,5100,26000,13260,12900,300,3200,2025-12-12 12:01:41,2025-12-12 12:01:41
1274,5150,26000,13390,12900,300,3200,2025-12-12 12:01:41,2025-12-12 12:01:41
1275,5200,26000,13520,13900,300,3500,2025-12-12 12:01:41,2025-12-12 12:01:41
1276,5250,26000,13650,13900,300,3500,2025-12-12 12:01:41,2025-12-12 12:01:41
1277,5300,26000,13780,13900,300,3500,2025-12-12 12:01:41,2025-12-12 12:01:41
1278,5350,26000,13910,13900,300,3500,2025-12-12 12:01:41,2025-12-12 12:01:41
1279,5400,26000,14040,13900,300,3500,2025-12-12 12:01:41,2025-12-12 12:01:41
1280,5450,26000,14170,13900,300,3500,2025-12-12 12:01:41,2025-12-12 12:01:41
1281,5500,26000,14300,13900,300,3500,2025-12-12 12:01:41,2025-12-12 12:01:41
1282,5550,26000,14430,14900,300,3700,2025-12-12 12:01:41,2025-12-12 12:01:41
1283,5600,26000,14560,14900,300,3700,2025-12-12 12:01:41,2025-12-12 12:01:41
1284,5650,26000,14690,14900,300,3700,2025-12-12 12:01:41,2025-12-12 12:01:41
1285,5700,26000,14820,14900,300,3700,2025-12-12 12:01:41,2025-12-12 12:01:41
1286,5750,26000,14950,14900,300,3700,2025-12-12 12:01:41,2025-12-12 12:01:41
1287,5800,26000,15080,14900,300,3700,2025-12-12 12:01:41,2025-12-12 12:01:41
1288,5850,26000,15210,14900,300,3700,2025-12-12 12:01:41,2025-12-12 12:01:41
1289,5900,26000,15340,14900,300,3700,2025-12-12 12:01:41,2025-12-12 12:01:41
1290,5950,26000,15470,15900,300,4000,2025-12-12 12:01:41,2025-12-12 12:01:41
1291,6000,26000,15600,15900,300,4000,2025-12-12 12:01:41,2025-12-12 12:01:41
1292,6050,26000,15730,15900,300,4000,2025-12-12 12:01:41,2025-12-12 12:01:41
1293,6100,26000,15860,15900,300,4000,2025-12-12 12:01:41,2025-12-12 12:01:41
1294,6150,26000,15990,15900,300,4000,2025-12-12 12:01:41,2025-12-12 12:01:41
1295,6200,26000,16120,15900,300,4000,2025-12-12 12:01:41,2025-12-12 12:01:41
1296,6250,26000,16250,15900,300,4000,2025-12-12 12:01:41,2025-12-12 12:01:41
1297,6300,26000,16380,15900,300,4000,2025-12-12 12:01:41,2025-12-12 12:01:41
1298,6350,26000,16510,16900,300,4200,2025-12-12 12:01:41,2025-12-12 12:01:41
1299,6400,26000,16640,16900,300,4200,2025-12-12 12:01:41,2025-12-12 12:01:41
1300,6450,26000,16770,16900,300,4200,2025-12-12 12:01:41,2025-12-12 12:01:41
1301,6500,26000,16900,16900,300,4200,2025-12-12 12:01:41,2025-12-12 12:01:41
1302,6550,26000,17030,16900,300,4200,2025-12-12 12:01:41,2025-12-12 12:01:41
1303,6600,26000,17160,16900,300,4200,2025-12-12 12:01:41,2025-12-12 12:01:41
1304,6650,26000,17290,16900,300,4200,2025-12-12 12:01:41,2025-12-12 12:01:41
1305,6700,26000,17420,17900,300,4500,2025-12-12 12:01:41,2025-12-12 12:01:41
1306,6750,26000,17550,17900,300,4500,2025-12-12 12:01:41,2025-12-12 12:01:41
1307,6800,26000,17680,17900,300,4500,2025-12-12 12:01:41,2025-12-12 12:01:41
1308,6850,26000,17810,17900,300,4500,2025-12-12 12:01:41,2025-12-12 12:01:41
1309,6900,26000,17940,17900,300,4500,2025-12-12 12:01:41,2025-12-12 12:01:41
1310,6950,26000,18070,17900,300,4500,2025-12-12 12:01:41,2025-12-12 12:01:41
1311,7000,26000,18200,17900,300,4500,2025-12-12 12:01:41,2025-12-12 12:01:41
1312,7050,26000,18330,17900,300,4500,2025-12-12 12:01:41,2025-12-12 12:01:41
1313,7100,26000,18460,18900,300,4700,2025-12-12 12:01:41,2025-12-12 12:01:41
1314,7150,26000,18590,18900,300,4700,2025-12-12 12:01:41,2025-12-12 12:01:41
1315,7200,26000,18720,18900,300,4700,2025-12-12 12:01:41,2025-12-12 12:01:41
1316,7250,26000,18850,18900,300,4700,2025-12-12 12:01:41,2025-12-12 12:01:41
1317,7300,26000,18980,18900,300,4700,2025-12-12 12:01:41,2025-12-12 12:01:41
1318,7350,26000,19110,19900,300,5000,2025-12-12 12:01:41,2025-12-12 12:01:41
1319,7400,26000,19240,19900,300,5000,2025-12-12 12:01:41,2025-12-12 12:01:41
1320,7450,26000,19370,19900,300,5000,2025-12-12 12:01:41,2025-12-12 12:01:41
1321,7500,26000,19500,19900,300,5000,2025-12-12 12:01:41,2025-12-12 12:01:41
1322,7550,26000,19630,19900,300,5000,2025-12-12 12:01:41,2025-12-12 12:01:41
1323,7600,26000,19760,19900,300,5000,2025-12-12 12:01:41,2025-12-12 12:01:41
1324,7650,26000,19890,19900,300,5000,2025-12-12 12:01:41,2025-12-12 12:01:41
1325,7700,26000,20020,19900,300,5000,2025-12-12 12:01:41,2025-12-12 12:01:41
1326,7750,26000,20150,19900,300,5000,2025-12-12 12:01:41,2025-12-12 12:01:41
1327,7800,26000,20280,19900,300,5000,2025-12-12 12:01:41,2025-12-12 12:01:41
1328,7850,26000,20410,19900,300,5000,2025-12-12 12:01:41,2025-12-12 12:01:41
1329,7900,26000,20540,19900,300,5000,2025-12-12 12:01:41,2025-12-12 12:01:41
1330,7950,26000,20670,19900,300,5000,2025-12-12 12:01:41,2025-12-12 12:01:41
1331,8000,26000,20800,20900,300,5200,2025-12-12 12:01:41,2025-12-12 12:01:41
1332,8050,26000,20930,20900,300,5200,2025-12-12 12:01:41,2025-12-12 12:01:41
1333,8100,26000,21060,20900,300,5200,2025-12-12 12:01:41,2025-12-12 12:01:41
1334,8150,26000,21190,20900,300,5200,2025-12-12 12:01:41,2025-12-12 12:01:41
1335,8200,26000,21320,20900,300,5200,2025-12-12 12:01:41,2025-12-12 12:01:41
1336,8250,26000,21450,21900,300,5500,2025-12-12 12:01:41,2025-12-12 12:01:41
1337,8300,26000,21580,21900,300,5500,2025-12-12 12:01:41,2025-12-12 12:01:41
1338,8350,26000,21710,21900,300,5500,2025-12-12 12:01:41,2025-12-12 12:01:41
1339,8400,26000,21840,21900,300,5500,2025-12-12 12:01:41,2025-12-12 12:01:41
1340,8450,26000,21970,21900,300,5500,2025-12-12 12:01:41,2025-12-12 12:01:41
1341,8500,26000,22100,21900,300,5500,2025-12-12 12:01:41,2025-12-12 12:01:41
1342,8550,26000,22230,21900,300,5500,2025-12-12 12:01:41,2025-12-12 12:01:41
1343,8600,26000,22360,21900,300,5500,2025-12-12 12:01:41,2025-12-12 12:01:41
1344,8650,26000,22490,22900,300,5700,2025-12-12 12:01:41,2025-12-12 12:01:41
1345,8700,26000,22620,22900,300,5700,2025-12-12 12:01:41,2025-12-12 12:01:41
1346,8750,26000,22750,22900,300,5700,2025-12-12 12:01:41,2025-12-12 12:01:41
1347,8800,26000,22880,22900,300,5700,2025-12-12 12:01:41,2025-12-12 12:01:41
1348,8850,26000,23010,22900,300,5700,2025-12-12 12:01:41,2025-12-12 12:01:41
1349,8900,26000,23140,22900,300,5700,2025-12-12 12:01:41,2025-12-12 12:01:41
1350,8950,26000,23270,22900,300,5700,2025-12-12 12:01:41,2025-12-12 12:01:41
1351,9000,26000,23400,22900,300,5700,2025-12-12 12:01:41,2025-12-12 12:01:41
1352,9050,26000,23530,23900,300,6000,2025-12-12 12:01:41,2025-12-12 12:01:41
1353,9100,26000,23660,23900,300,6000,2025-12-12 12:01:41,2025-12-12 12:01:41
1354,9150,26000,23790,23900,300,6000,2025-12-12 12:01:41,2025-12-12 12:01:41
1355,9200,26000,23920,23900,300,6000,2025-12-12 12:01:41,2025-12-12 12:01:41
1356,9250,26000,24050,23900,300,6000,2025-12-12 12:01:41,2025-12-12 12:01:41
1357,9300,26000,24180,23900,300,6000,2025-12-12 12:01:41,2025-12-12 12:01:41
1358,9350,26000,24310,23900,300,6000,2025-12-12 12:01:41,2025-12-12 12:01:41
1359,9400,26000,24440,24900,300,6200,2025-12-12 12:01:41,2025-12-12 12:01:41
1360,9450,26000,24570,24900,300,6200,2025-12-12 12:01:41,2025-12-12 12:01:41
1361,9500,26000,24700,24900,300,6200,2025-12-12 12:01:41,2025-12-12 12:01:41
1362,9550,26000,24830,24900,300,6200,2025-12-12 12:01:41,2025-12-12 12:01:41
1363,9600,26000,24960,24900,300,6200,2025-12-12 12:01:41,2025-12-12 12:01:41
1364,9650,26000,25090,24900,300,6200,2025-12-12 12:01:41,2025-12-12 12:01:41
1365,9700,26000,25220,24900,300,6200,2025-12-12 12:01:41,2025-12-12 12:01:41
1366,9750,26000,25350,24900,300,6200,2025-12-12 12:01:41,2025-12-12 12:01:41
1367,9800,26000,25480,25900,300,6500,2025-12-12 12:01:41,2025-12-12 12:01:41
1368,9850,26000,25610,25900,300,6500,2025-12-12 12:01:41,2025-12-12 12:01:41
1369,9900,26000,25740,25900,300,6500,2025-12-12 12:01:41,2025-12-12 12:01:41
1370,9950,26000,25870,25900,300,6500,2025-12-12 12:01:41,2025-12-12 12:01:41
1371,10000,26000,26000,25900,300,6500,2025-12-12 12:01:41,2025-12-12 12:01:41
1372,10100,26000,26260,25900,300,6500,2025-12-12 12:01:41,2025-12-12 12:01:41
1373,10200,26000,26520,26900,300,6700,2025-12-12 12:01:41,2025-12-12 12:01:41
1374,10300,26000,26780,26900,300,6700,2025-12-12 12:01:41,2025-12-12 12:01:41
1375,10400,26000,27040,26900,300,6700,2025-12-12 12:01:41,2025-12-12 12:01:41
1376,10500,26000,27300,26900,300,6700,2025-12-12 12:01:41,2025-12-12 12:01:41
1377,10600,26000,27560,27900,300,7000,2025-12-12 12:01:41,2025-12-12 12:01:41
1378,10700,26000,27820,27900,300,7000,2025-12-12 12:01:41,2025-12-12 12:01:41
1379,10800,26000,28080,27900,300,7000,2025-12-12 12:01:41,2025-12-12 12:01:41
1380,10900,26000,28340,27900,300,7000,2025-12-12 12:01:41,2025-12-12 12:01:41
1381,11000,26000,28600,28900,300,7200,2025-12-12 12:01:41,2025-12-12 12:01:41
1382,11100,26000,28860,28900,300,7200,2025-12-12 12:01:41,2025-12-12 12:01:41
1383,11200,26000,29120,29900,300,7500,2025-12-12 12:01:41,2025-12-12 12:01:41
1384,11300,26000,29380,29900,300,7500,2025-12-12 12:01:41,2025-12-12 12:01:41
1385,11400,26000,29640,29900,300,7500,2025-12-12 12:01:41,2025-12-12 12:01:41
1386,11500,26000,29900,29900,300,7500,2025-12-12 12:01:41,2025-12-12 12:01:41
1387,11600,26000,30160,29900,300,7500,2025-12-12 12:01:41,2025-12-12 12:01:41
1388,11700,26000,30420,29900,300,7500,2025-12-12 12:01:41,2025-12-12 12:01:41
1389,11800,26000,30680,29900,300,7500,2025-12-12 12:01:41,2025-12-12 12:01:41
1390,11900,26000,30940,30900,300,7700,2025-12-12 12:01:41,2025-12-12 12:01:41
1391,12000,26000,31200,30900,300,7700,2025-12-12 12:01:41,2025-12-12 12:01:41
1392,12100,26000,31460,31900,300,8000,2025-12-12 12:01:41,2025-12-12 12:01:41
1393,12200,26000,31720,31900,300,8000,2025-12-12 12:01:41,2025-12-12 12:01:41
1394,12300,26000,31980,31900,300,8000,2025-12-12 12:01:41,2025-12-12 12:01:41
1395,12400,26000,32240,31900,300,8000,2025-12-12 12:01:41,2025-12-12 12:01:41
1396,12500,26000,32500,32900,300,8200,2025-12-12 12:01:41,2025-12-12 12:01:41
1397,12600,26000,32760,32900,300,8200,2025-12-12 12:01:41,2025-12-12 12:01:41
1398,12700,26000,33020,32900,300,8200,2025-12-12 12:01:41,2025-12-12 12:01:41
1399,12800,26000,33280,32900,300,8200,2025-12-12 12:01:41,2025-12-12 12:01:41
1400,12900,26000,33540,33900,300,8500,2025-12-12 12:01:41,2025-12-12 12:01:41
1401,13000,26000,33800,33900,300,8500,2025-12-12 12:01:41,2025-12-12 12:01:41
1402,13100,26000,34060,33900,300,8500,2025-12-12 12:01:41,2025-12-12 12:01:41
1403,13200,26000,34320,33900,300,8500,2025-12-12 12:01:41,2025-12-12 12:01:41
1404,13300,26000,34580,34900,300,8700,2025-12-12 12:01:41,2025-12-12 12:01:41
1405,13400,26000,34840,34900,300,8700,2025-12-12 12:01:41,2025-12-12 12:01:41
1406,13500,26000,35100,34900,300,8700,2025-12-12 12:01:41,2025-12-12 12:01:41
1407,13600,26000,35360,34900,300,8700,2025-12-12 12:01:41,2025-12-12 12:01:41
1408,13700,26000,35620,35900,300,9000,2025-12-12 12:01:41,2025-12-12 12:01:41
1409,13800,26000,35880,35900,300,9000,2025-12-12 12:01:41,2025-12-12 12:01:41
1410,13900,26000,36140,35900,300,9000,2025-12-12 12:01:41,2025-12-12 12:01:41
1411,14000,26000,36400,35900,300,9000,2025-12-12 12:01:41,2025-12-12 12:01:41
1412,14100,26000,36660,36900,300,9200,2025-12-12 12:01:41,2025-12-12 12:01:41
1413,14200,26000,36920,36900,300,9200,2025-12-12 12:01:41,2025-12-12 12:01:41
1414,14300,26000,37180,36900,300,9200,2025-12-12 12:01:41,2025-12-12 12:01:41
1415,14400,26000,37440,37900,300,9500,2025-12-12 12:01:41,2025-12-12 12:01:41
1416,14500,26000,37700,37900,300,9500,2025-12-12 12:01:41,2025-12-12 12:01:41
1417,14600,26000,37960,37900,300,9500,2025-12-12 12:01:41,2025-12-12 12:01:41
1418,14700,26000,38220,37900,300,9500,2025-12-12 12:01:41,2025-12-12 12:01:41
1419,14800,26000,38480,38900,300,9700,2025-12-12 12:01:41,2025-12-12 12:01:41
1420,14900,26000,38740,38900,300,9700,2025-12-12 12:01:41,2025-12-12 12:01:41
1421,15000,26000,39000,39900,300,10000,2025-12-12 12:01:41,2025-12-12 12:01:41
1422,15100,26000,39260,39900,300,10000,2025-12-12 12:01:41,2025-12-12 12:01:41
1423,15200,26000,39520,39900,300,10000,2025-12-12 12:01:41,2025-12-12 12:01:41
1424,15300,26000,39780,39900,300,10000,2025-12-12 12:01:41,2025-12-12 12:01:41
1425,15400,26000,40040,39900,300,10000,2025-12-12 12:01:41,2025-12-12 12:01:41
1426,15500,26000,40300,39900,300,10000,2025-12-12 12:01:41,2025-12-12 12:01:41
1427,15600,26000,40560,39900,300,10000,2025-12-12 12:01:41,2025-12-12 12:01:41
1428,15700,26000,40820,39900,300,10000,2025-12-12 12:01:41,2025-12-12 12:01:41
1429,15800,26000,41080,40900,300,10200,2025-12-12 12:01:41,2025-12-12 12:01:41
1430,15900,26000,41340,40900,300,10200,2025-12-12 12:01:41,2025-12-12 12:01:41
1431,16000,26000,41600,41900,300,10500,2025-12-12 12:01:41,2025-12-12 12:01:41
1432,16100,26000,41860,41900,300,10500,2025-12-12 12:01:41,2025-12-12 12:01:41
1433,16200,26000,42120,41900,300,10500,2025-12-12 12:01:41,2025-12-12 12:01:41
1434,16300,26000,42380,41900,300,10500,2025-12-12 12:01:41,2025-12-12 12:01:41
1435,16400,26000,42640,42900,300,10700,2025-12-12 12:01:41,2025-12-12 12:01:41
1436,16500,26000,42900,42900,300,10700,2025-12-12 12:01:41,2025-12-12 12:01:41
1437,16600,26000,43160,42900,300,10700,2025-12-12 12:01:41,2025-12-12 12:01:41
1438,16700,26000,43420,43900,300,11000,2025-12-12 12:01:41,2025-12-12 12:01:41
1439,16800,26000,43680,43900,300,11000,2025-12-12 12:01:41,2025-12-12 12:01:41
1440,16900,26000,43940,43900,300,11000,2025-12-12 12:01:41,2025-12-12 12:01:41
1441,17000,26000,44200,43900,300,11000,2025-12-12 12:01:41,2025-12-12 12:01:41
1442,17100,26000,44460,44900,300,11200,2025-12-12 12:01:41,2025-12-12 12:01:41
1443,17200,26000,44720,44900,300,11200,2025-12-12 12:01:41,2025-12-12 12:01:41
1444,17300,26000,44980,44900,300,11200,2025-12-12 12:01:41,2025-12-12 12:01:41
1445,17400,26000,45240,44900,300,11200,2025-12-12 12:01:41,2025-12-12 12:01:41
1446,17500,26000,45500,45900,300,11500,2025-12-12 12:01:41,2025-12-12 12:01:41
1447,17600,26000,45760,45900,300,11500,2025-12-12 12:01:41,2025-12-12 12:01:41
1448,17700,26000,46020,45900,300,11500,2025-12-12 12:01:41,2025-12-12 12:01:41
1449,17800,26000,46280,45900,300,11500,2025-12-12 12:01:41,2025-12-12 12:01:41
1450,17900,26000,46540,46900,300,11700,2025-12-12 12:01:41,2025-12-12 12:01:41
1451,18000,26000,46800,46900,300,11700,2025-12-12 12:01:41,2025-12-12 12:01:41
1452,18100,26000,47060,46900,300,11700,2025-12-12 12:01:41,2025-12-12 12:01:41
1453,18200,26000,47320,46900,300,11700,2025-12-12 12:01:41,2025-12-12 12:01:41
1454,18300,26000,47580,47900,300,12000,2025-12-12 12:01:41,2025-12-12 12:01:41
1455,18400,26000,47840,47900,300,12000,2025-12-12 12:01:41,2025-12-12 12:01:41
1456,18500,26000,48100,47900,300,12000,2025-12-12 12:01:41,2025-12-12 12:01:41
1457,18600,26000,48360,47900,300,12000,2025-12-12 12:01:41,2025-12-12 12:01:41
1458,18700,26000,48620,48900,300,12200,2025-12-12 12:01:41,2025-12-12 12:01:41
1459,18800,26000,48880,48900,300,12200,2025-12-12 12:01:41,2025-12-12 12:01:41
1460,18900,26000,49140,49900,300,12500,2025-12-12 12:01:41,2025-12-12 12:01:41
1461,19000,26000,49400,49900,300,12500,2025-12-12 12:01:41,2025-12-12 12:01:41
1462,19100,26000,49660,49900,300,12500,2025-12-12 12:01:41,2025-12-12 12:01:41
1463,19200,26000,49920,49900,300,12500,2025-12-12 12:01:41,2025-12-12 12:01:41
1464,19300,26000,50180,49900,300,12500,2025-12-12 12:01:41,2025-12-12 12:01:41
1465,19400,26000,50440,49900,300,12500,2025-12-12 12:01:41,2025-12-12 12:01:41
1466,19500,26000,50700,49900,300,12500,2025-12-12 12:01:41,2025-12-12 12:01:41
1467,19600,26000,50960,50900,300,12700,2025-12-12 12:01:41,2025-12-12 12:01:41
1468,19700,26000,51220,50900,300,12700,2025-12-12 12:01:41,2025-12-12 12:01:41
1469,19800,26000,51480,50900,300,12700,2025-12-12 12:01:41,2025-12-12 12:01:41
1470,19900,26000,51740,50900,300,12700,2025-12-12 12:01:41,2025-12-12 12:01:41
1471,20000,26000,52000,51900,300,13000,2025-12-12 12:01:41,2025-12-12 12:01:41
1472,20100,25000,50250,51900,300,13000,2025-12-12 12:01:41,2025-12-12 12:01:41
1473,20200,25000,50500,51900,300,13000,2025-12-12 12:01:41,2025-12-12 12:01:41
1474,20300,25000,50750,51900,300,13000,2025-12-12 12:01:41,2025-12-12 12:01:41
1475,20400,25000,51000,51900,300,13000,2025-12-12 12:01:41,2025-12-12 12:01:41
1476,20500,25000,51250,51900,300,13000,2025-12-12 12:01:41,2025-12-12 12:01:41
1477,20600,25000,51500,51900,300,13000,2025-12-12 12:01:41,2025-12-12 12:01:41
1478,20700,25000,51750,51900,300,13000,2025-12-12 12:01:41,2025-12-12 12:01:41
1479,20800,25000,52000,51900,300,13000,2025-12-12 12:01:41,2025-12-12 12:01:41
1480,20900,25000,52250,51900,300,13000,2025-12-12 12:01:41,2025-12-12 12:01:41
1481,21000,25000,52500,52900,300,13200,2025-12-12 12:01:41,2025-12-12 12:01:41
1482,21100,25000,52750,52900,300,13200,2025-12-12 12:01:41,2025-12-12 12:01:41
1483,21200,25000,53000,52900,300,13200,2025-12-12 12:01:41,2025-12-12 12:01:41
1484,21300,25000,53250,52900,300,13200,2025-12-12 12:01:41,2025-12-12 12:01:41
1485,21400,25000,53500,53900,300,13500,2025-12-12 12:01:41,2025-12-12 12:01:41
1486,21500,25000,53750,53900,300,13500,2025-12-12 12:01:41,2025-12-12 12:01:41
1487,21600,25000,54000,53900,300,13500,2025-12-12 12:01:41,2025-12-12 12:01:41
1488,21700,25000,54250,53900,300,13500,2025-12-12 12:01:41,2025-12-12 12:01:41
1489,21800,25000,54500,54900,300,13700,2025-12-12 12:01:41,2025-12-12 12:01:41
1490,21900,25000,54750,54900,300,13700,2025-12-12 12:01:41,2025-12-12 12:01:41
1491,22000,25000,55000,54900,300,13700,2025-12-12 12:01:41,2025-12-12 12:01:41
1492,22100,25000,55250,54900,300,13700,2025-12-12 12:01:41,2025-12-12 12:01:41
1493,22200,25000,55500,55900,300,14000,2025-12-12 12:01:41,2025-12-12 12:01:41
1494,22300,25000,55750,55900,300,14000,2025-12-12 12:01:41,2025-12-12 12:01:41
1495,22400,25000,56000,55900,300,14000,2025-12-12 12:01:41,2025-12-12 12:01:41
1496,22500,25000,56250,56900,300,14200,2025-12-12 12:01:41,2025-12-12 12:01:41
1497,22600,25000,56500,56900,300,14200,2025-12-12 12:01:41,2025-12-12 12:01:41
1498,22700,25000,56750,56900,300,14200,2025-12-12 12:01:41,2025-12-12 12:01:41
1499,22800,25000,57000,56900,300,14200,2025-12-12 12:01:41,2025-12-12 12:01:41
1500,22900,25000,57250,57900,300,14500,2025-12-12 12:01:41,2025-12-12 12:01:41
1501,23000,25000,57500,57900,300,14500,2025-12-12 12:01:41,2025-12-12 12:01:41
1502,23100,25000,57750,57900,300,14500,2025-12-12 12:01:41,2025-12-12 12:01:41
1503,23200,25000,58000,57900,300,14500,2025-12-12 12:01:41,2025-12-12 12:01:41
1504,23300,25000,58250,58900,300,14700,2025-12-12 12:01:41,2025-12-12 12:01:41
1505,23400,25000,58500,58900,300,14700,2025-12-12 12:01:41,2025-12-12 12:01:41
1506,23500,25000,58750,58900,300,14700,2025-12-12 12:01:41,2025-12-12 12:01:41
1507,23600,25000,59000,58900,300,14700,2025-12-12 12:01:41,2025-12-12 12:01:41
1508,23700,25000,59250,59900,300,15000,2025-12-12 12:01:41,2025-12-12 12:01:41
1509,23800,25000,59500,59900,300,15000,2025-12-12 12:01:41,2025-12-12 12:01:41
1510,23900,25000,59750,59900,300,15000,2025-12-12 12:01:41,2025-12-12 12:01:41
1511,24000,25000,60000,59900,300,15000,2025-12-12 12:01:41,2025-12-12 12:01:41
1512,24100,25000,60250,59900,300,15000,2025-12-12 12:01:41,2025-12-12 12:01:41
1513,24200,25000,60500,59900,300,15000,2025-12-12 12:01:41,2025-12-12 12:01:41
1514,24300,25000,60750,59900,300,15000,2025-12-12 12:01:41,2025-12-12 12:01:41
1515,24400,25000,61000,59900,300,15000,2025-12-12 12:01:41,2025-12-12 12:01:41
1516,24500,25000,61250,59900,300,15000,2025-12-12 12:01:41,2025-12-12 12:01:41
1517,24600,25000,61500,59900,300,15000,2025-12-12 12:01:41,2025-12-12 12:01:41
1518,24700,25000,61750,59900,300,15000,2025-12-12 12:01:41,2025-12-12 12:01:41
1519,24800,25000,62000,59900,300,15000,2025-12-12 12:01:41,2025-12-12 12:01:41
1520,24900,25000,62250,62900,300,15700,2025-12-12 12:01:41,2025-12-12 12:01:41
1521,25000,25000,62500,62900,300,15700,2025-12-12 12:01:41,2025-12-12 12:01:41
1522,25100,25000,62750,62900,300,15700,2025-12-12 12:01:41,2025-12-12 12:01:41
1523,25200,25000,63000,62900,300,15700,2025-12-12 12:01:41,2025-12-12 12:01:41
1524,25300,25000,63250,63900,300,16000,2025-12-12 12:01:41,2025-12-12 12:01:41
1525,25400,25000,63500,63900,300,16000,2025-12-12 12:01:41,2025-12-12 12:01:41
1526,25500,25000,63750,63900,300,16000,2025-12-12 12:01:41,2025-12-12 12:01:41
1527,25600,25000,64000,63900,300,16000,2025-12-12 12:01:41,2025-12-12 12:01:41
1528,25700,25000,64250,64900,300,16200,2025-12-12 12:01:41,2025-12-12 12:01:41
1529,25800,25000,64500,64900,300,16200,2025-12-12 12:01:41,2025-12-12 12:01:41
1530,25900,25000,64750,64900,300,16200,2025-12-12 12:01:41,2025-12-12 12:01:41
1531,26000,25000,65000,64900,300,16200,2025-12-12 12:01:41,2025-12-12 12:01:41
1532,26100,25000,65250,65900,300,16500,2025-12-12 12:01:41,2025-12-12 12:01:41
1533,26200,25000,65500,65900,300,16500,2025-12-12 12:01:41,2025-12-12 12:01:41
1534,26300,25000,65750,65900,300,16500,2025-12-12 12:01:41,2025-12-12 12:01:41
1535,26400,25000,66000,65900,300,16500,2025-12-12 12:01:41,2025-12-12 12:01:41
1536,26500,25000,66250,66900,300,16700,2025-12-12 12:01:41,2025-12-12 12:01:41
1537,26600,25000,66500,66900,300,16700,2025-12-12 12:01:41,2025-12-12 12:01:41
1538,26700,25000,66750,66900,300,16700,2025-12-12 12:01:41,2025-12-12 12:01:41
1539,26800,25000,67000,66900,300,16700,2025-12-12 12:01:41,2025-12-12 12:01:41
1540,26900,25000,67250,67900,300,17000,2025-12-12 12:01:41,2025-12-12 12:01:41
1541,27000,25000,67500,67900,300,17000,2025-12-12 12:01:41,2025-12-12 12:01:41
1542,27100,25000,67750,67900,300,17000,2025-12-12 12:01:41,2025-12-12 12:01:41
1543,27200,25000,68000,67900,300,17000,2025-12-12 12:01:41,2025-12-12 12:01:41
1544,27300,25000,68250,68900,300,17200,2025-12-12 12:01:41,2025-12-12 12:01:41
1545,27400,25000,68500,68900,300,17200,2025-12-12 12:01:41,2025-12-12 12:01:41
1546,27500,25000,68750,68900,300,17200,2025-12-12 12:01:41,2025-12-12 12:01:41
1547,27600,25000,69000,68900,300,17200,2025-12-12 12:01:41,2025-12-12 12:01:41
1548,27700,25000,69250,69900,300,17500,2025-12-12 12:01:41,2025-12-12 12:01:41
1549,27800,25000,69500,69900,300,17500,2025-12-12 12:01:41,2025-12-12 12:01:41
1550,27900,25000,69750,69900,300,17500,2025-12-12 12:01:41,2025-12-12 12:01:41
1551,28000,25000,70000,69900,300,17500,2025-12-12 12:01:41,2025-12-12 12:01:41
1552,28100,25000,70250,69900,300,17500,2025-12-12 12:01:41,2025-12-12 12:01:41
1553,28200,25000,70500,69900,300,17500,2025-12-12 12:01:41,2025-12-12 12:01:41
1554,28300,25000,70750,69900,300,17500,2025-12-12 12:01:41,2025-12-12 12:01:41
1555,28400,25000,71000,69900,300,17500,2025-12-12 12:01:41,2025-12-12 12:01:41
1556,28500,25000,71250,69900,300,17500,2025-12-12 12:01:41,2025-12-12 12:01:41
1557,28600,25000,71500,69900,300,17500,2025-12-12 12:01:41,2025-12-12 12:01:41
1558,28700,25000,71750,69900,300,17500,2025-12-12 12:01:41,2025-12-12 12:01:41
1559,28800,25000,72000,69900,300,17500,2025-12-12 12:01:41,2025-12-12 12:01:41
1560,28900,25000,72250,69900,300,17500,2025-12-12 12:01:41,2025-12-12 12:01:41
1561,29000,25000,72500,72900,300,18200,2025-12-12 12:01:41,2025-12-12 12:01:41
1562,29100,25000,72750,72900,300,18200,2025-12-12 12:01:41,2025-12-12 12:01:41
1563,29200,25000,73000,72900,300,18200,2025-12-12 12:01:41,2025-12-12 12:01:41
1564,29300,25000,73250,73900,300,18500,2025-12-12 12:01:41,2025-12-12 12:01:41
1565,29400,25000,73500,73900,300,18500,2025-12-12 12:01:41,2025-12-12 12:01:41
1566,29500,25000,73750,73900,300,18500,2025-12-12 12:01:41,2025-12-12 12:01:41
1567,29600,25000,74000,73900,300,18500,2025-12-12 12:01:41,2025-12-12 12:01:41
1568,29700,25000,74250,74900,300,18700,2025-12-12 12:01:41,2025-12-12 12:01:41
1569,29800,25000,74500,74900,300,18700,2025-12-12 12:01:41,2025-12-12 12:01:41
1570,29900,25000,74750,74900,300,18700,2025-12-12 12:01:41,2025-12-12 12:01:41
1571,30000,25000,75000,74900,300,18700,2025-12-12 12:01:41,2025-12-12 12:01:41
